#node	date	numeric date
NODE_0000001	2005-04-18	2005.294384
NODE_0000543	2019-06-09	2019.437495
EPI_ISL_5115763	2021-03-02	2021.164384
NODE_0000544	2020-08-12	2020.614320
NODE_0000545	2020-10-03	2020.754544
EPI_ISL_1009706	2020-12-02	2020.918033
NODE_0000546	2020-11-11	2020.862758
EPI_ISL_985208	2020-12-27	2020.986339
NODE_0000547	2020-12-16	2020.956284
EPI_ISL_985195	2020-12-16	2020.956284
EPI_ISL_985210	2020-12-28	2020.989071
NODE_0000548	2020-09-26	2020.737391
EPI_ISL_985181	2020-12-04	2020.923497
NODE_0000549	2020-11-09	2020.857315
EPI_ISL_985185	2020-12-08	2020.934426
NODE_0000550	2020-11-22	2020.890955
EPI_ISL_985182	2020-12-06	2020.928962
EPI_ISL_985200	2020-12-22	2020.972678
EPI_ISL_985198	2020-12-21	2020.969945
EPI_ISL_985209	2020-12-28	2020.989071
NODE_0000541	2016-08-29	2016.659860
NODE_0000542	2021-03-26	2021.230941
EPI_ISL_11504587	2021-12-01	2021.915068
EPI_ISL_7381448	2021-07-01	2021.495890
NODE_0000540	2019-03-08	2019.182909
EPI_ISL_9594306	2020-04-01	2020.248634
NODE_0000539	2019-03-12	2019.194308
NODE_0000553	2019-11-19	2019.883054
EPI_ISL_525443	2020-01-12	2020.030055
NODE_0000576	2020-01-02	2020.002732
EPI_ISL_525440	2020-01-02	2020.002732
NODE_0000015	2020-01-06	2020.013661
EPI_ISL_405813	2020-01-06	2020.013661
NODE_0000016	2020-01-09	2020.021858
EPI_ISL_419220	2020-01-09	2020.021858
EPI_ISL_419314	2020-03-27	2020.234973
NODE_0000555	2019-12-05	2019.927037
EPI_ISL_405391	2020-01-17	2020.043716
EPI_ISL_525441	2020-01-02	2020.002732
NODE_0000562	2020-01-01	2020.000000
EPI_ISL_525439	2020-01-01	2020.000000
EPI_ISL_525446	2020-01-27	2020.071038
NODE_0000019	2020-01-08	2020.020398
EPI_ISL_417415	2020-03-20	2020.215847
NODE_0000020	2020-01-08	2020.021259
NODE_0000558	2020-02-22	2020.142136
EPI_ISL_415197	2020-03-12	2020.193989
NODE_0000022	2020-03-20	2020.215847
EPI_ISL_419312	2020-03-26	2020.232240
EPI_ISL_417414	2020-03-20	2020.215847
NODE_0000023	2020-01-09	2020.021858
EPI_ISL_525442	2020-01-09	2020.021858
NODE_0000024	2020-01-17	2020.043716
EPI_ISL_525444	2020-01-17	2020.043716
NODE_0000026	2020-01-25	2020.065574
EPI_ISL_525445	2020-01-25	2020.065574
NODE_0000027	2020-01-28	2020.073770
EPI_ISL_525447	2020-01-28	2020.073770
EPI_ISL_410291	2020-02-06	2020.098361
NODE_0000028	2019-12-08	2019.935297
NODE_0000579	2020-03-16	2020.205241
EPI_ISL_804043	2020-04-07	2020.265027
EPI_ISL_811134	2020-04-21	2020.303279
EPI_ISL_833580	2020-04-18	2020.295082
EPI_ISL_804045	2020-04-08	2020.267760
EPI_ISL_833487	2020-04-19	2020.297814
EPI_ISL_833485	2020-04-14	2020.284153
NODE_0000586	2020-04-18	2020.295587
EPI_ISL_813971	2020-05-05	2020.341530
NODE_0000030	2020-04-30	2020.327869
EPI_ISL_813972	2020-05-11	2020.357923
EPI_ISL_811144	2020-04-30	2020.327869
NODE_0000590	2020-04-14	2020.284153
EPI_ISL_811128	2020-04-14	2020.284153
NODE_0000032	2020-04-18	2020.295082
EPI_ISL_833582	2020-04-22	2020.306011
EPI_ISL_833488	2020-04-18	2020.295082
NODE_0000073	2020-03-25	2020.229508
EPI_ISL_780096	2020-03-25	2020.229508
NODE_0000077	2020-03-26	2020.232240
EPI_ISL_796011	2020-03-26	2020.232240
NODE_0000033	2020-04-08	2020.269893
EPI_ISL_846585	2020-05-13	2020.363388
NODE_0000035	2020-04-09	2020.270492
EPI_ISL_804047	2020-04-09	2020.270492
NODE_0000037	2020-04-10	2020.273224
EPI_ISL_833482	2020-04-10	2020.273224
NODE_0000038	2020-04-11	2020.275956
EPI_ISL_808250	2020-04-11	2020.275956
NODE_0000039	2020-04-13	2020.282693
EPI_ISL_833579	2020-04-14	2020.284153
NODE_0000040	2020-04-13	2020.283554
NODE_0000043	2020-04-14	2020.284153
EPI_ISL_810970	2020-04-14	2020.284153
EPI_ISL_810963	2020-04-14	2020.284153
NODE_0000044	2020-04-14	2020.284153
EPI_ISL_809658	2020-04-14	2020.284153
NODE_0000045	2020-04-16	2020.291751
EPI_ISL_846584	2020-04-17	2020.292350
NODE_0000046	2020-04-17	2020.292350
EPI_ISL_833581	2020-04-17	2020.292350
NODE_0000047	2020-04-22	2020.306011
EPI_ISL_833583	2020-04-22	2020.306011
NODE_0000049	2020-04-23	2020.308743
EPI_ISL_811135	2020-04-23	2020.308743
NODE_0000050	2020-04-29	2020.327270
EPI_ISL_846583	2020-04-30	2020.327869
NODE_0000051	2020-04-30	2020.327869
EPI_ISL_811146	2020-04-30	2020.327869
NODE_0000052	2020-05-04	2020.338798
EPI_ISL_846586	2020-06-05	2020.426230
EPI_ISL_813599	2020-05-04	2020.338798
NODE_0000103	2019-12-16	2019.957981
EPI_ISL_404993	2020-01-16	2020.040984
NODE_0000053	2020-01-21	2020.056475
NODE_0000054	2020-01-21	2020.056475
EPI_ISL_525453	2020-02-22	2020.142077
NODE_0000055	2020-01-28	2020.074202
EPI_ISL_525462	2020-03-01	2020.163934
NODE_0000057	2020-02-07	2020.101093
EPI_ISL_525448	2020-02-07	2020.101093
NODE_0000061	2020-02-17	2020.128415
EPI_ISL_418266	2020-02-17	2020.128415
NODE_0000062	2020-02-19	2020.136013
EPI_ISL_525450	2020-02-20	2020.136612
NODE_0000063	2020-02-20	2020.136612
EPI_ISL_525449	2020-02-20	2020.136612
NODE_0000065	2020-02-20	2020.138746
NODE_0000068	2020-02-21	2020.139344
EPI_ISL_525452	2020-02-21	2020.139344
EPI_ISL_525451	2020-02-21	2020.139344
NODE_0000069	2020-02-22	2020.142077
EPI_ISL_525454	2020-02-22	2020.142077
NODE_0000070	2020-02-24	2020.147541
EPI_ISL_525455	2020-02-24	2020.147541
NODE_0000071	2020-02-26	2020.153005
EPI_ISL_525464	2020-02-26	2020.153005
NODE_0000072	2020-02-29	2020.161202
EPI_ISL_525465	2020-02-29	2020.161202
EPI_ISL_525463	2020-03-03	2020.169399
NODE_0000592	2020-08-10	2020.607037
NODE_0000594	2020-09-09	2020.691081
EPI_ISL_666687	2020-10-24	2020.811475
EPI_ISL_697771	2020-10-24	2020.811475
NODE_0000596	2020-10-17	2020.795031
EPI_ISL_4071019	2020-11-05	2020.844262
EPI_ISL_682297	2020-11-09	2020.855191
NODE_0000597	2020-10-22	2020.806976
EPI_ISL_1009679	2020-12-28	2020.989071
NODE_0000598	2021-01-01	2021.000000
EPI_ISL_854599	2021-01-01	2021.000000
EPI_ISL_854600	2021-01-01	2021.000000
EPI_ISL_854601	2021-01-01	2021.000000
EPI_ISL_854602	2021-01-01	2021.000000
EPI_ISL_854603	2021-01-01	2021.000000
EPI_ISL_854604	2021-01-01	2021.000000
NODE_0000606	2020-12-23	2020.975410
EPI_ISL_759850	2020-12-23	2020.975410
EPI_ISL_759851	2020-12-23	2020.975410
EPI_ISL_759852	2020-12-23	2020.975410
EPI_ISL_759853	2020-12-23	2020.975410
NODE_0000083	2021-01-09	2021.024059
NODE_0000084	2021-01-10	2021.024658
EPI_ISL_854596	2021-01-10	2021.024658
EPI_ISL_854595	2021-01-10	2021.024658
NODE_0000085	2021-01-10	2021.024658
EPI_ISL_854598	2021-01-10	2021.024658
EPI_ISL_854597	2021-01-10	2021.024658
NODE_0000170	2020-11-15	2020.872017
NODE_0000600	2020-12-18	2020.961749
EPI_ISL_738057	2020-12-18	2020.961749
EPI_ISL_738058	2020-12-18	2020.961749
EPI_ISL_738059	2020-12-18	2020.961749
EPI_ISL_738060	2020-12-18	2020.961749
NODE_0000172	2020-11-20	2020.885678
NODE_0000613	2020-12-23	2020.975410
EPI_ISL_985204	2020-12-23	2020.975410
EPI_ISL_4061714	2021-02-03	2021.090411
NODE_0000616	2021-03-03	2021.167123
EPI_ISL_1240997	2021-03-03	2021.167123
EPI_ISL_1273441	2021-03-03	2021.167123
NODE_0000081	2021-02-15	2021.123288
EPI_ISL_1041178	2021-02-15	2021.123288
EPI_ISL_1041177	2021-02-15	2021.123288
NODE_0000086	2020-12-13	2020.949407
NODE_0000609	2021-01-15	2021.039140
EPI_ISL_978898	2021-02-01	2021.084932
NODE_0000088	2021-01-31	2021.083734
NODE_0000089	2021-02-01	2021.084932
EPI_ISL_978900	2021-02-01	2021.084932
EPI_ISL_978899	2021-02-01	2021.084932
NODE_0000093	2021-01-31	2021.084333
EPI_ISL_978901	2021-02-01	2021.084932
NODE_0000094	2021-02-01	2021.084932
EPI_ISL_1273415	2021-02-01	2021.084932
EPI_ISL_1273414	2021-02-01	2021.084932
NODE_0000095	2021-01-11	2021.028076
EPI_ISL_1041180	2021-02-13	2021.117808
NODE_0000097	2021-01-14	2021.036295
NODE_0000605	2021-02-16	2021.126027
EPI_ISL_1041176	2021-02-16	2021.126027
EPI_ISL_1241004	2021-02-16	2021.126027
NODE_0000100	2021-02-07	2021.103511
EPI_ISL_985233	2021-02-08	2021.104110
NODE_0000101	2021-02-08	2021.104110
EPI_ISL_985232	2021-02-08	2021.104110
EPI_ISL_4061713	2021-02-08	2021.104110
NODE_0000617	2020-09-02	2020.670567
EPI_ISL_985186	2020-12-09	2020.937158
NODE_0000621	2020-12-22	2020.972678
EPI_ISL_1063533	2020-12-22	2020.972678
EPI_ISL_4062112	2020-12-22	2020.972678
NODE_0000618	2020-11-27	2020.905494
EPI_ISL_732940	2020-12-13	2020.948087
NODE_0000106	2020-12-12	2020.947489
EPI_ISL_732942	2020-12-13	2020.948087
NODE_0000108	2020-12-13	2020.948087
EPI_ISL_732941	2020-12-13	2020.948087
EPI_ISL_732939	2020-12-13	2020.948087
NODE_0000675	2020-10-15	2020.786885
EPI_ISL_14819895	2020-10-16	2020.789617
EPI_ISL_2815374	2020-10-15	2020.786885
EPI_ISL_2820250	2020-10-15	2020.786885
EPI_ISL_2820259	2020-10-15	2020.786885
EPI_ISL_2820261	2020-10-15	2020.786885
EPI_ISL_2820262	2020-10-16	2020.789617
EPI_ISL_2820288	2020-10-16	2020.789617
EPI_ISL_2820465	2020-10-16	2020.789617
EPI_ISL_2820479	2020-10-16	2020.789617
EPI_ISL_2820480	2020-10-16	2020.789617
EPI_ISL_2820501	2020-10-16	2020.789617
EPI_ISL_2820503	2020-10-16	2020.789617
EPI_ISL_2820504	2020-10-16	2020.789617
NODE_0000680	2020-10-18	2020.796030
EPI_ISL_1273416	2020-11-04	2020.841530
NODE_0000686	2020-11-04	2020.841530
EPI_ISL_681286	2020-11-04	2020.841530
NODE_0000116	2020-11-11	2020.861928
EPI_ISL_681295	2020-11-12	2020.863388
NODE_0000117	2020-11-11	2020.862789
NODE_0000118	2020-11-12	2020.863388
EPI_ISL_1273425	2020-11-12	2020.863388
EPI_ISL_1273424	2020-11-12	2020.863388
NODE_0000119	2020-11-12	2020.863388
EPI_ISL_681294	2020-11-12	2020.863388
EPI_ISL_1273426	2020-11-12	2020.863388
NODE_0000687	2020-12-01	2020.915301
EPI_ISL_708711	2020-12-01	2020.915301
EPI_ISL_708712	2020-12-01	2020.915301
EPI_ISL_708713	2020-12-01	2020.915301
EPI_ISL_708714	2020-12-01	2020.915301
EPI_ISL_708715	2020-12-01	2020.915301
EPI_ISL_708716	2020-12-01	2020.915301
EPI_ISL_708717	2020-12-01	2020.915301
EPI_ISL_708718	2020-12-01	2020.915301
EPI_ISL_708719	2020-12-01	2020.915301
EPI_ISL_708720	2020-12-01	2020.915301
NODE_0000122	2020-11-03	2020.840333
NODE_0000125	2020-11-04	2020.841530
EPI_ISL_1273419	2020-11-04	2020.841530
EPI_ISL_1273418	2020-11-04	2020.841530
NODE_0000126	2020-11-03	2020.840931
EPI_ISL_681287	2020-11-04	2020.841530
NODE_0000129	2020-11-04	2020.841530
EPI_ISL_1273417	2020-11-04	2020.841530
NODE_0000131	2020-11-09	2020.856464
NODE_0000133	2020-11-10	2020.857923
EPI_ISL_681293	2020-11-10	2020.857923
EPI_ISL_681292	2020-11-10	2020.857923
NODE_0000134	2020-11-09	2020.857325
NODE_0000137	2020-11-10	2020.857923
EPI_ISL_681291	2020-11-10	2020.857923
EPI_ISL_1273423	2020-11-10	2020.857923
NODE_0000139	2020-11-10	2020.857923
EPI_ISL_1273422	2020-11-10	2020.857923
NODE_0000141	2020-11-18	2020.881915
NODE_0000142	2020-11-19	2020.882514
EPI_ISL_1273433	2020-11-19	2020.882514
EPI_ISL_1273432	2020-11-19	2020.882514
NODE_0000145	2020-11-19	2020.882514
EPI_ISL_681274	2020-11-19	2020.882514
EPI_ISL_681273	2020-11-19	2020.882514
NODE_0000681	2020-11-14	2020.868852
EPI_ISL_1273427	2020-11-14	2020.868852
EPI_ISL_1273428	2020-11-14	2020.868852
EPI_ISL_681296	2020-11-14	2020.868852
EPI_ISL_681297	2020-11-14	2020.868852
NODE_0000147	2020-11-18	2020.881054
NODE_0000148	2020-11-19	2020.882514
EPI_ISL_681272	2020-11-19	2020.882514
EPI_ISL_681271	2020-11-19	2020.882514
NODE_0000151	2020-11-18	2020.881915
NODE_0000152	2020-11-19	2020.882514
EPI_ISL_1273431	2020-11-19	2020.882514
EPI_ISL_1273430	2020-11-19	2020.882514
NODE_0000153	2020-11-19	2020.882514
EPI_ISL_1273429	2020-11-19	2020.882514
NODE_0000155	2020-11-19	2020.883786
NODE_0000156	2020-11-19	2020.884647
NODE_0000157	2020-11-20	2020.885246
EPI_ISL_1273435	2020-11-20	2020.885246
EPI_ISL_1273434	2020-11-20	2020.885246
NODE_0000158	2020-11-20	2020.885246
EPI_ISL_681275	2020-11-20	2020.885246
EPI_ISL_1273436	2020-11-20	2020.885246
NODE_0000159	2020-11-20	2020.885246
EPI_ISL_681276	2020-11-20	2020.885246
NODE_0000160	2020-11-30	2020.912980
NODE_0000162	2020-11-30	2020.914702
NODE_0000163	2020-12-01	2020.915301
EPI_ISL_708706	2020-12-01	2020.915301
EPI_ISL_708705	2020-12-01	2020.915301
NODE_0000164	2020-12-01	2020.915301
EPI_ISL_708708	2020-12-01	2020.915301
EPI_ISL_708707	2020-12-01	2020.915301
NODE_0000165	2020-11-30	2020.913841
NODE_0000166	2020-12-01	2020.915301
EPI_ISL_708710	2020-12-01	2020.915301
EPI_ISL_708709	2020-12-01	2020.915301
NODE_0000167	2020-11-30	2020.914702
NODE_0000168	2020-12-01	2020.915301
EPI_ISL_708702	2020-12-01	2020.915301
EPI_ISL_708701	2020-12-01	2020.915301
NODE_0000169	2020-12-01	2020.915301
EPI_ISL_708704	2020-12-01	2020.915301
EPI_ISL_708703	2020-12-01	2020.915301
NODE_0000630	2020-10-19	2020.798936
EPI_ISL_1009700	2020-11-26	2020.901639
EPI_ISL_1009697	2020-11-23	2020.893443
EPI_ISL_1009699	2020-11-25	2020.898907
NODE_0000635	2020-12-01	2020.915301
EPI_ISL_1009703	2020-12-01	2020.915301
EPI_ISL_1009704	2020-12-01	2020.915301
NODE_0000640	2020-12-01	2020.915301
EPI_ISL_710442	2020-12-01	2020.915301
EPI_ISL_710443	2020-12-01	2020.915301
EPI_ISL_710444	2020-12-01	2020.915301
EPI_ISL_710445	2020-12-01	2020.915301
NODE_0000646	2020-11-30	2020.912568
EPI_ISL_710438	2020-11-30	2020.912568
EPI_ISL_710439	2020-11-30	2020.912568
EPI_ISL_710440	2020-11-30	2020.912568
EPI_ISL_710441	2020-11-30	2020.912568
NODE_0000241	2020-11-07	2020.850159
EPI_ISL_985188	2020-12-10	2020.939891
NODE_0000305	2020-11-19	2020.882945
NODE_0000637	2020-12-22	2020.972678
EPI_ISL_759854	2020-12-22	2020.972678
EPI_ISL_759856	2020-12-22	2020.972678
EPI_ISL_759857	2020-12-22	2020.972678
NODE_0000175	2020-11-25	2020.900180
EPI_ISL_1009684	2020-12-30	2020.994536
NODE_0000177	2020-11-25	2020.901041
NODE_0000643	2021-01-12	2021.030137
EPI_ISL_854605	2021-01-12	2021.030137
EPI_ISL_854606	2021-01-12	2021.030137
EPI_ISL_854607	2021-01-12	2021.030137
EPI_ISL_854608	2021-01-12	2021.030137
NODE_0000179	2020-11-26	2020.901639
EPI_ISL_1009701	2020-11-26	2020.901639
NODE_0000180	2020-12-07	2020.931694
EPI_ISL_985183	2020-12-07	2020.931694
NODE_0000181	2020-12-11	2020.943896
EPI_ISL_759855	2020-12-22	2020.972678
NODE_0000183	2020-12-11	2020.944757
NODE_0000184	2020-12-12	2020.945355
EPI_ISL_732943	2020-12-12	2020.945355
EPI_ISL_732946	2020-12-12	2020.945355
NODE_0000186	2020-12-12	2020.945355
EPI_ISL_732945	2020-12-12	2020.945355
EPI_ISL_732944	2020-12-12	2020.945355
NODE_0000648	2020-10-31	2020.832122
EPI_ISL_718109	2020-12-07	2020.931694
NODE_0000649	2020-11-09	2020.855923
NODE_0000189	2020-12-01	2020.916836
NODE_0000190	2020-12-02	2020.918033
EPI_ISL_710448	2020-12-02	2020.918033
EPI_ISL_710447	2020-12-02	2020.918033
NODE_0000191	2020-12-01	2020.917434
EPI_ISL_710449	2020-12-02	2020.918033
NODE_0000192	2020-12-02	2020.918033
EPI_ISL_710446	2020-12-02	2020.918033
NODE_0000193	2020-12-06	2020.930234
NODE_0000194	2020-12-06	2020.931095
NODE_0000198	2020-12-07	2020.931694
EPI_ISL_718107	2020-12-07	2020.931694
EPI_ISL_718106	2020-12-07	2020.931694
NODE_0000199	2020-12-07	2020.931694
EPI_ISL_718110	2020-12-07	2020.931694
EPI_ISL_718108	2020-12-07	2020.931694
NODE_0000202	2020-12-07	2020.931694
EPI_ISL_718111	2020-12-07	2020.931694
NODE_0000205	2020-12-28	2020.991205
NODE_0000206	2020-12-29	2020.991803
EPI_ISL_854610	2020-12-29	2020.991803
EPI_ISL_854609	2020-12-29	2020.991803
NODE_0000207	2020-12-29	2020.991803
EPI_ISL_854612	2020-12-29	2020.991803
EPI_ISL_854611	2020-12-29	2020.991803
NODE_0000651	2020-11-16	2020.874613
EPI_ISL_985203	2020-12-23	2020.975410
EPI_ISL_985202	2020-12-23	2020.975410
EPI_ISL_1009681	2020-12-29	2020.991803
NODE_0000211	2020-12-14	2020.950820
EPI_ISL_985201	2020-12-22	2020.972678
EPI_ISL_985192	2020-12-14	2020.950820
NODE_0000658	2020-11-24	2020.896175
EPI_ISL_1273410	2020-11-24	2020.896175
EPI_ISL_1273411	2020-11-24	2020.896175
EPI_ISL_681282	2020-11-24	2020.896175
EPI_ISL_681283	2020-11-24	2020.896175
NODE_0000652	2021-01-22	2021.057534
EPI_ISL_978906	2021-01-22	2021.057534
EPI_ISL_978907	2021-01-22	2021.057534
EPI_ISL_978908	2021-01-22	2021.057534
EPI_ISL_978909	2021-01-22	2021.057534
NODE_0000214	2021-02-24	2021.147945
EPI_ISL_1184518	2021-02-24	2021.147945
EPI_ISL_1184517	2021-02-24	2021.147945
NODE_0000353	2020-10-06	2020.763383
NODE_0000673	2020-11-08	2020.853115
EPI_ISL_681285	2020-11-25	2020.898907
NODE_0000110	2020-11-24	2020.898309
EPI_ISL_681284	2020-11-25	2020.898907
NODE_0000111	2020-11-25	2020.898907
EPI_ISL_1273413	2020-11-25	2020.898907
EPI_ISL_1273412	2020-11-25	2020.898907
NODE_0000361	2020-10-06	2020.763383
EPI_ISL_681289	2020-11-07	2020.849727
NODE_0000388	2020-10-18	2020.797102
EPI_ISL_4061712	2021-02-17	2021.128767
NODE_0000395	2020-10-18	2020.797701
EPI_ISL_985179	2020-11-26	2020.901639
NODE_0000215	2020-10-19	2020.798562
NODE_0000678	2020-12-01	2020.915301
EPI_ISL_985180	2020-12-01	2020.915301
EPI_ISL_985193	2020-12-14	2020.950820
NODE_0000217	2020-10-19	2020.799161
EPI_ISL_1009705	2020-12-01	2020.915301
NODE_0000218	2020-10-19	2020.800022
NODE_0000624	2020-12-05	2020.926230
EPI_ISL_710450	2020-12-05	2020.926230
EPI_ISL_710451	2020-12-05	2020.926230
EPI_ISL_710452	2020-12-05	2020.926230
EPI_ISL_710453	2020-12-05	2020.926230
NODE_0000220	2020-10-20	2020.800884
NODE_0000669	2020-11-27	2020.904419
EPI_ISL_738050	2020-12-15	2020.953552
NODE_0000222	2020-12-12	2020.946890
NODE_0000224	2020-12-13	2020.948087
EPI_ISL_732929	2020-12-13	2020.948087
EPI_ISL_732928	2020-12-13	2020.948087
NODE_0000225	2020-12-12	2020.947489
EPI_ISL_732930	2020-12-13	2020.948087
NODE_0000226	2020-12-13	2020.948087
EPI_ISL_732927	2020-12-13	2020.948087
NODE_0000227	2020-12-14	2020.952953
EPI_ISL_738052	2020-12-15	2020.953552
NODE_0000228	2020-12-15	2020.953552
EPI_ISL_738051	2020-12-15	2020.953552
EPI_ISL_738049	2020-12-15	2020.953552
NODE_0000230	2020-10-20	2020.801483
EPI_ISL_985190	2020-12-11	2020.942623
NODE_0000231	2020-10-20	2020.802081
EPI_ISL_732931	2020-12-15	2020.953552
NODE_0000234	2020-10-20	2020.802680
EPI_ISL_732932	2020-12-15	2020.953552
NODE_0000235	2020-10-21	2020.803279
EPI_ISL_631824	2020-10-21	2020.803279
NODE_0000238	2020-11-02	2020.836739
NODE_0000626	2021-02-24	2021.147945
EPI_ISL_1184508	2021-02-24	2021.147945
EPI_ISL_1184509	2021-02-24	2021.147945
EPI_ISL_1184510	2021-02-24	2021.147945
EPI_ISL_1184511	2021-02-24	2021.147945
NODE_0000240	2020-11-02	2020.837601
NODE_0000667	2021-03-13	2021.194521
EPI_ISL_1273437	2021-03-13	2021.194521
EPI_ISL_1273438	2021-03-13	2021.194521
EPI_ISL_1273439	2021-03-13	2021.194521
EPI_ISL_1273440	2021-03-13	2021.194521
NODE_0000242	2020-11-02	2020.838199
EPI_ISL_4061715	2021-01-28	2021.073973
NODE_0000243	2020-11-03	2020.838798
EPI_ISL_1009695	2020-11-03	2020.838798
NODE_0000244	2020-11-06	2020.848530
NODE_0000247	2020-11-07	2020.849727
EPI_ISL_681288	2020-11-07	2020.849727
EPI_ISL_1273421	2020-11-07	2020.849727
NODE_0000248	2020-11-06	2020.849128
EPI_ISL_681290	2020-11-07	2020.849727
NODE_0000249	2020-11-07	2020.849727
EPI_ISL_1273420	2020-11-07	2020.849727
NODE_0000250	2020-11-10	2020.857923
EPI_ISL_1009696	2020-11-10	2020.857923
NODE_0000253	2020-11-16	2020.874317
EPI_ISL_681281	2020-11-16	2020.874317
NODE_0000254	2020-11-23	2020.893443
EPI_ISL_14770166	2020-11-23	2020.893443
NODE_0000258	2020-12-01	2020.915301
EPI_ISL_1009702	2020-12-01	2020.915301
NODE_0000259	2020-12-05	2020.927765
NODE_0000260	2020-12-06	2020.928962
EPI_ISL_710436	2020-12-06	2020.928962
EPI_ISL_710435	2020-12-06	2020.928962
NODE_0000261	2020-12-05	2020.928363
EPI_ISL_710437	2020-12-06	2020.928962
NODE_0000262	2020-12-06	2020.928962
EPI_ISL_710434	2020-12-06	2020.928962
NODE_0000263	2020-12-08	2020.935100
NODE_0000265	2020-12-08	2020.936560
NODE_0000266	2020-12-09	2020.937158
EPI_ISL_718114	2020-12-09	2020.937158
EPI_ISL_718113	2020-12-09	2020.937158
NODE_0000267	2020-12-09	2020.937158
EPI_ISL_718120	2020-12-09	2020.937158
EPI_ISL_718115	2020-12-09	2020.937158
NODE_0000268	2020-12-08	2020.935961
NODE_0000269	2020-12-09	2020.937158
EPI_ISL_718122	2020-12-09	2020.937158
EPI_ISL_718121	2020-12-09	2020.937158
NODE_0000270	2020-12-08	2020.936560
EPI_ISL_718123	2020-12-09	2020.937158
NODE_0000272	2020-12-09	2020.937158
EPI_ISL_718112	2020-12-09	2020.937158
NODE_0000275	2020-12-09	2020.938694
NODE_0000276	2020-12-10	2020.939891
EPI_ISL_718118	2020-12-10	2020.939891
EPI_ISL_718117	2020-12-10	2020.939891
NODE_0000278	2020-12-09	2020.939292
EPI_ISL_718119	2020-12-10	2020.939891
NODE_0000280	2020-12-10	2020.939891
EPI_ISL_718116	2020-12-10	2020.939891
NODE_0000283	2020-12-11	2020.942623
EPI_ISL_985189	2020-12-11	2020.942623
NODE_0000285	2020-12-12	2020.946890
NODE_0000287	2020-12-13	2020.948087
EPI_ISL_732937	2020-12-13	2020.948087
EPI_ISL_732936	2020-12-13	2020.948087
NODE_0000288	2020-12-12	2020.947489
EPI_ISL_732938	2020-12-13	2020.948087
NODE_0000291	2020-12-13	2020.948087
EPI_ISL_732935	2020-12-13	2020.948087
NODE_0000292	2020-12-14	2020.952953
EPI_ISL_732934	2020-12-15	2020.953552
NODE_0000293	2020-12-15	2020.953552
EPI_ISL_732933	2020-12-15	2020.953552
NODE_0000296	2020-12-17	2020.960551
NODE_0000299	2020-12-18	2020.961749
EPI_ISL_738055	2020-12-18	2020.961749
EPI_ISL_738054	2020-12-18	2020.961749
NODE_0000300	2020-12-17	2020.961150
EPI_ISL_738056	2020-12-18	2020.961749
NODE_0000301	2020-12-18	2020.961749
EPI_ISL_738053	2020-12-18	2020.961749
NODE_0000302	2021-01-23	2021.060274
EPI_ISL_5260457	2021-01-23	2021.060274
NODE_0000304	2021-02-10	2021.109589
EPI_ISL_1041173	2021-02-10	2021.109589
EPI_ISL_1041172	2021-02-10	2021.109589
NODE_0000537	2019-05-18	2019.377118
NODE_0000538	2019-10-14	2019.785883
EPI_ISL_603233	2020-06-03	2020.420765
EPI_ISL_603235	2020-02-21	2020.139344
NODE_0000536	2019-05-27	2019.401284
EPI_ISL_684037	--	--
NODE_0000535	2019-11-02	2019.837015
EPI_ISL_14937233	2021-03-03	2021.167123
NODE_0000532	2020-04-03	2020.255736
NODE_0000533	2020-05-01	2020.331980
EPI_ISL_623074	2020-05-12	2020.360656
NODE_0000534	2020-08-01	2020.581967
EPI_ISL_13632084	2020-08-01	2020.581967
EPI_ISL_14874401	2020-08-01	2020.581967
NODE_0000380	2020-06-18	2020.463970
NODE_0000469	2020-07-15	2020.536383
NODE_0000382	2020-09-19	2020.715847
EPI_ISL_2932619	2020-09-23	2020.726776
EPI_ISL_615073	2020-09-19	2020.715847
NODE_0000384	2020-12-09	2020.937158
EPI_ISL_1220094	2020-12-09	2020.937158
EPI_ISL_7623511	2021-06-04	2021.421918
NODE_0000475	2020-07-15	2020.536454
NODE_0000402	2020-09-22	2020.724044
EPI_ISL_739688	2020-09-22	2020.724044
EPI_ISL_739689	2020-09-22	2020.724044
NODE_0000477	2020-07-15	2020.537077
NODE_0000405	2020-08-17	2020.625683
EPI_ISL_644135	2020-08-17	2020.625683
EPI_ISL_644155	2020-08-17	2020.625683
NODE_0000317	2020-08-15	2020.621655
EPI_ISL_615072	2020-09-25	2020.732240
NODE_0000318	2020-08-15	2020.622254
EPI_ISL_1665263	2020-11-17	2020.877049
NODE_0000319	2020-08-15	2020.622254
NODE_0000392	2020-09-12	2020.698954
EPI_ISL_5865629	2020-10-16	2020.789617
EPI_ISL_5863615	2020-10-20	2020.800546
EPI_ISL_5863491	2020-10-06	2020.762295
NODE_0000489	2020-09-29	2020.743169
EPI_ISL_5865695	2020-09-29	2020.743169
NODE_0000321	2020-10-01	2020.749906
NODE_0000322	2020-10-02	2020.751366
EPI_ISL_5865682	2020-10-02	2020.751366
EPI_ISL_5865550	2020-10-02	2020.751366
NODE_0000323	2020-10-01	2020.750768
NODE_0000324	2020-10-02	2020.751366
EPI_ISL_5865417	2020-10-02	2020.751366
EPI_ISL_5863447	2020-10-02	2020.751366
NODE_0000325	2020-10-02	2020.751366
EPI_ISL_5863358	2020-10-02	2020.751366
NODE_0000327	2020-10-06	2020.762295
EPI_ISL_5863567	2020-10-06	2020.762295
NODE_0000328	2020-10-09	2020.770492
EPI_ISL_5863641	2020-10-09	2020.770492
NODE_0000331	2020-10-12	2020.778689
EPI_ISL_5863089	2020-10-12	2020.778689
NODE_0000332	2020-10-15	2020.789019
EPI_ISL_5863490	2020-10-16	2020.789617
NODE_0000333	2020-10-16	2020.789617
EPI_ISL_5862398	2020-10-16	2020.789617
NODE_0000334	2020-10-23	2020.808743
EPI_ISL_5863557	2020-10-23	2020.808743
EPI_ISL_5863497	2020-10-27	2020.819672
NODE_0000335	2020-08-16	2020.624223
NODE_0000336	2020-08-16	2020.625084
NODE_0000337	2020-08-17	2020.625683
EPI_ISL_644134	2020-08-17	2020.625683
EPI_ISL_644132	2020-08-17	2020.625683
NODE_0000338	2020-08-17	2020.625683
EPI_ISL_644154	2020-08-17	2020.625683
EPI_ISL_644150	2020-08-17	2020.625683
NODE_0000340	2020-08-16	2020.625084
NODE_0000341	2020-08-17	2020.625683
EPI_ISL_644127	2020-08-17	2020.625683
EPI_ISL_644126	2020-08-17	2020.625683
NODE_0000342	2020-08-17	2020.625683
EPI_ISL_644125	2020-08-17	2020.625683
NODE_0000345	2020-09-14	2020.704319
NODE_0000403	2020-12-31	2020.997268
EPI_ISL_1114752	2020-12-31	2020.997268
EPI_ISL_1114753	2020-12-31	2020.997268
EPI_ISL_1114754	2020-12-31	2020.997268
NODE_0000347	2020-09-15	2020.704918
EPI_ISL_739684	2020-09-15	2020.704918
NODE_0000349	2020-09-19	2020.715847
EPI_ISL_2932616	2020-09-19	2020.715847
NODE_0000351	2020-11-04	2020.841962
NODE_0000352	2020-11-08	2020.853994
NODE_0000398	2021-01-22	2021.057534
EPI_ISL_1191587	2021-01-22	2021.057534
EPI_ISL_977513	2021-01-22	2021.057534
NODE_0000357	2020-11-08	2020.854593
EPI_ISL_3128523	2021-03-22	2021.219178
NODE_0000358	2020-11-09	2020.855191
EPI_ISL_14823812	2020-11-09	2020.855191
NODE_0000360	2020-11-16	2020.874317
EPI_ISL_779129	2020-12-01	2020.915301
EPI_ISL_14836079	2020-11-16	2020.874317
NODE_0000399	2020-12-07	2020.931694
EPI_ISL_1185026	2020-12-07	2020.931694
NODE_0000364	2020-12-11	2020.943297
NODE_0000365	2020-12-11	2020.944757
NODE_0000366	2020-12-12	2020.945355
EPI_ISL_1039234	2020-12-12	2020.945355
EPI_ISL_1039232	2020-12-12	2020.945355
NODE_0000367	2020-12-12	2020.945355
EPI_ISL_1039236	2020-12-12	2020.945355
EPI_ISL_1039235	2020-12-12	2020.945355
NODE_0000369	2020-12-11	2020.944158
NODE_0000371	2020-12-12	2020.945355
EPI_ISL_1039239	2020-12-12	2020.945355
EPI_ISL_1039238	2020-12-12	2020.945355
NODE_0000372	2020-12-11	2020.944757
EPI_ISL_1039240	2020-12-12	2020.945355
NODE_0000373	2020-12-12	2020.945355
EPI_ISL_1039231	2020-12-12	2020.945355
EPI_ISL_1038924	2020-12-12	2020.945355
NODE_0000406	2020-08-02	2020.585365
NODE_0000565	2020-08-22	2020.640208
NODE_0000429	2020-10-27	2020.819672
EPI_ISL_1139110	2020-11-25	2020.898907
EPI_ISL_2234812	2021-01-27	2021.071233
EPI_ISL_1139099	2020-11-13	2020.866120
EPI_ISL_1139016	2020-10-27	2020.819672
EPI_ISL_1139018	2020-10-28	2020.822404
EPI_ISL_1139019	2020-10-28	2020.822404
NODE_0000376	2020-11-02	2020.836066
EPI_ISL_1139084	2020-11-02	2020.836066
NODE_0000378	2020-11-09	2020.857325
NODE_0000379	2020-11-10	2020.857923
EPI_ISL_641394	2020-11-10	2020.857923
EPI_ISL_1139091	2020-11-10	2020.857923
NODE_0000381	2020-11-10	2020.857923
EPI_ISL_1123359	2020-11-10	2020.857923
NODE_0000383	2020-11-11	2020.862789
NODE_0000385	2020-11-28	2020.907104
EPI_ISL_710505	2020-12-02	2020.918033
EPI_ISL_710504	2020-11-28	2020.907104
NODE_0000386	2020-11-12	2020.863388
EPI_ISL_1139107	2020-11-12	2020.863388
EPI_ISL_1139089	2020-11-12	2020.863388
NODE_0000574	2020-09-05	2020.678143
EPI_ISL_775251	2020-12-13	2020.948087
NODE_0000387	2020-09-15	2020.706006
NODE_0000423	2020-10-18	2020.795738
EPI_ISL_1139032	2020-11-04	2020.841530
NODE_0000389	2020-11-03	2020.840932
EPI_ISL_1123350	2020-12-17	2020.959016
NODE_0000390	2020-11-04	2020.841530
EPI_ISL_644735	2020-11-04	2020.841530
EPI_ISL_1123263	2020-12-16	2020.956284
NODE_0000391	2020-09-18	2020.714669
NODE_0000407	2020-10-21	2020.804401
EPI_ISL_5063706	2020-11-06	2020.846995
EPI_ISL_1295639	2020-11-30	2020.912568
NODE_0000393	2021-01-05	2021.010959
EPI_ISL_1295638	2021-01-26	2021.068493
EPI_ISL_1665260	2021-01-05	2021.010959
NODE_0000394	2020-09-29	2020.743601
NODE_0000415	2020-11-01	2020.833333
EPI_ISL_1139096	2020-11-01	2020.833333
NODE_0000396	2020-11-02	2020.838199
EPI_ISL_1139030	2020-11-03	2020.838798
NODE_0000397	2020-11-03	2020.838798
EPI_ISL_1139029	2020-11-03	2020.838798
NODE_0000400	2020-11-11	2020.860656
EPI_ISL_641395	2020-11-11	2020.860656
NODE_0000401	2020-11-25	2020.898907
EPI_ISL_711058	2020-12-02	2020.918033
EPI_ISL_1139171	2020-11-25	2020.898907
NODE_0000404	2020-10-02	2020.751798
NODE_0000413	2020-11-04	2020.841530
EPI_ISL_710538	2020-12-02	2020.918033
EPI_ISL_984681	2020-11-04	2020.841530
NODE_0000408	2020-10-02	2020.752249
EPI_ISL_984670	2020-11-04	2020.841530
NODE_0000409	2020-10-02	2020.752984
EPI_ISL_984684	2020-11-04	2020.841530
NODE_0000410	2020-10-15	2020.787821
EPI_ISL_7622619	2020-12-03	2020.920765
NODE_0000411	2020-10-15	2020.788420
EPI_ISL_7622862	2020-12-26	2020.983607
NODE_0000412	2020-10-15	2020.789019
EPI_ISL_1123355	2021-01-27	2021.071233
NODE_0000414	2020-10-16	2020.789617
EPI_ISL_603136	2020-10-16	2020.789617
NODE_0000416	2020-10-17	2020.792350
EPI_ISL_591075	2020-10-17	2020.792350
NODE_0000417	2020-10-25	2020.814208
EPI_ISL_1139159	2020-10-25	2020.814208
NODE_0000418	2020-10-26	2020.816940
EPI_ISL_653918	2020-10-26	2020.816940
NODE_0000419	2020-10-27	2020.821806
EPI_ISL_614400	2020-10-28	2020.822404
NODE_0000420	2020-10-28	2020.822404
EPI_ISL_5057844	2020-10-28	2020.822404
NODE_0000421	2020-10-29	2020.825137
EPI_ISL_5102449	2020-10-29	2020.825137
NODE_0000422	2020-11-01	2020.833333
EPI_ISL_1139095	2020-11-01	2020.833333
NODE_0000424	2020-11-01	2020.835467
NODE_0000425	2020-11-02	2020.836066
EPI_ISL_5062851	2020-11-02	2020.836066
EPI_ISL_5058432	2020-11-02	2020.836066
NODE_0000426	2020-11-02	2020.836066
EPI_ISL_1139039	2020-11-02	2020.836066
NODE_0000427	2020-11-03	2020.840333
NODE_0000428	2020-11-04	2020.841530
EPI_ISL_984675	2020-11-04	2020.841530
EPI_ISL_984673	2020-11-04	2020.841530
NODE_0000430	2020-11-03	2020.840931
EPI_ISL_984680	2020-11-04	2020.841530
NODE_0000431	2020-11-04	2020.841530
EPI_ISL_644824	2020-11-04	2020.841530
NODE_0000432	2020-11-06	2020.846995
EPI_ISL_984691	2020-11-06	2020.846995
NODE_0000434	2020-11-07	2020.849727
EPI_ISL_1139086	2020-11-07	2020.849727
NODE_0000437	2020-11-08	2020.852459
EPI_ISL_1123357	2020-11-08	2020.852459
NODE_0000438	2020-11-12	2020.863388
EPI_ISL_1139090	2020-11-12	2020.863388
NODE_0000439	2020-11-16	2020.874317
EPI_ISL_1139162	2020-11-16	2020.874317
NODE_0000440	2020-11-26	2020.901639
EPI_ISL_1139165	2020-11-26	2020.901639
NODE_0000441	2020-12-02	2020.918033
EPI_ISL_711056	2020-12-02	2020.918033
NODE_0000443	2021-01-10	2021.026200
EPI_ISL_3314946	2021-03-17	2021.205479
NODE_0000444	2021-01-10	2021.026799
EPI_ISL_3143953	2021-04-04	2021.254795
NODE_0000445	2021-01-11	2021.027397
EPI_ISL_7623043	2021-01-11	2021.027397
NODE_0000446	2021-01-30	2021.079452
EPI_ISL_2172529	2021-01-30	2021.079452
NODE_0000447	2021-03-04	2021.169863
EPI_ISL_3138618	2021-04-15	2021.284932
EPI_ISL_2172533	2021-03-04	2021.169863
NODE_0000433	2020-08-20	2020.633880
EPI_ISL_984693	2020-11-07	2020.849727
EPI_ISL_1095453	2020-11-17	2020.877049
EPI_ISL_626651	2020-08-20	2020.633880
NODE_0000451	2020-10-25	2020.814208
EPI_ISL_1114746	2020-10-25	2020.814208
EPI_ISL_1114747	2020-10-25	2020.814208
EPI_ISL_1114748	2020-10-25	2020.814208
NODE_0000450	2020-09-06	2020.681129
EPI_ISL_956414	2020-11-21	2020.887978
NODE_0000453	2020-09-06	2020.681129
NODE_0000452	2020-12-26	2020.984367
EPI_ISL_2234815	2021-01-13	2021.032877
NODE_0000456	2021-01-12	2021.031417
NODE_0000457	2021-01-13	2021.032877
EPI_ISL_2234818	2021-01-13	2021.032877
EPI_ISL_2234817	2021-01-13	2021.032877
NODE_0000460	2021-01-12	2021.032278
NODE_0000461	2021-01-13	2021.032877
EPI_ISL_2234816	2021-01-13	2021.032877
EPI_ISL_1665273	2021-01-13	2021.032877
NODE_0000463	2021-01-13	2021.032877
EPI_ISL_1665254	2021-01-13	2021.032877
NODE_0000464	2021-01-18	2021.048716
EPI_ISL_2234820	2021-01-22	2021.057534
NODE_0000465	2021-01-19	2021.049315
EPI_ISL_2234819	2021-01-19	2021.049315
EPI_ISL_1665274	2021-01-19	2021.049315
NODE_0000466	2020-09-06	2020.681129
NODE_0000467	2020-09-30	2020.746333
EPI_ISL_626652	2020-11-02	2020.836066
NODE_0000468	2020-10-11	2020.776331
NODE_0000442	2020-11-21	2020.890560
EPI_ISL_5863650	2020-12-29	2020.991803
NODE_0000471	2020-12-10	2020.942024
EPI_ISL_1114751	2020-12-11	2020.942623
NODE_0000473	2020-12-11	2020.942623
EPI_ISL_1114750	2020-12-11	2020.942623
EPI_ISL_1114749	2020-12-11	2020.942623
NODE_0000474	2020-10-11	2020.777229
NODE_0000448	2021-01-02	2021.004070
EPI_ISL_1046889	2021-02-19	2021.134247
EPI_ISL_775267	2021-01-04	2021.008219
NODE_0000476	2020-10-11	2020.778090
NODE_0000435	2021-01-18	2021.046575
EPI_ISL_5098142	2021-01-18	2021.046575
NODE_0000436	2021-02-26	2021.153425
EPI_ISL_5116063	2021-02-26	2021.153425
EPI_ISL_5116172	2021-03-02	2021.164384
NODE_0000479	2020-10-12	2020.778689
EPI_ISL_5863929	2020-10-12	2020.778689
NODE_0000480	2020-10-27	2020.819672
EPI_ISL_5863359	2020-10-27	2020.819672
NODE_0000481	2020-11-01	2020.833333
EPI_ISL_813979	2020-11-01	2020.833333
NODE_0000484	2020-12-15	2020.955686
EPI_ISL_2227275	2021-05-21	2021.383562
NODE_0000485	2020-12-16	2020.956284
EPI_ISL_5098134	2020-12-16	2020.956284
NODE_0000487	2021-01-18	2021.046575
EPI_ISL_5098139	2021-01-18	2021.046575
NODE_0000488	2021-01-28	2021.073973
EPI_ISL_5095649	2021-01-28	2021.073973
EPI_ISL_1399231	2021-02-18	2021.131507
NODE_0000454	2020-10-02	2020.753466
EPI_ISL_710507	2020-11-03	2020.838798
EPI_ISL_1139040	2020-11-02	2020.836066
NODE_0000458	2020-10-18	2020.796281
NODE_0000459	2020-11-19	2020.882514
EPI_ISL_5098153	2020-11-19	2020.882514
EPI_ISL_5098158	2021-02-15	2021.123288
NODE_0000677	2020-11-22	2020.892919
EPI_ISL_5115621	2021-03-04	2021.169863
NODE_0000494	2020-11-23	2020.893518
EPI_ISL_5116093	2021-03-05	2021.172603
NODE_0000496	2020-11-23	2020.894116
EPI_ISL_5096070	2021-01-20	2021.052055
NODE_0000497	2020-11-23	2020.894715
EPI_ISL_5098144	2021-02-01	2021.084932
NODE_0000498	2020-11-23	2020.895576
NODE_0000462	2021-02-14	2021.122852
EPI_ISL_5126214	2021-03-10	2021.186301
EPI_ISL_5142488	2021-03-16	2021.202740
NODE_0000500	2020-11-24	2020.896175
EPI_ISL_661177	2020-11-24	2020.896175
NODE_0000502	2020-12-03	2020.920765
EPI_ISL_846602	2020-12-03	2020.920765
NODE_0000503	2020-12-04	2020.923497
EPI_ISL_846603	2020-12-04	2020.923497
NODE_0000504	2020-12-15	2020.953552
EPI_ISL_846624	2020-12-15	2020.953552
NODE_0000507	2021-02-06	2021.100771
EPI_ISL_3102066	2021-04-20	2021.298630
NODE_0000508	2021-02-07	2021.101370
EPI_ISL_1093426	2021-02-07	2021.101370
NODE_0000509	2021-02-22	2021.142466
EPI_ISL_5102130	2021-03-01	2021.161644
EPI_ISL_5099373	2021-02-22	2021.142466
NODE_0000715	2020-10-30	2020.828301
NODE_0000501	2020-12-02	2020.918033
EPI_ISL_1665264	2020-12-02	2020.918033
NODE_0000491	2020-12-09	2020.937158
EPI_ISL_1665266	2020-12-10	2020.939891
EPI_ISL_1665265	2020-12-09	2020.937158
NODE_0000512	2020-11-21	2020.890512
NODE_0000470	2021-03-01	2021.161644
EPI_ISL_1279262	2021-03-01	2021.161644
NODE_0000516	2021-03-08	2021.180822
EPI_ISL_3135931	2021-03-08	2021.180822
NODE_0000472	2021-04-20	2021.299779
EPI_ISL_3128527	2021-06-02	2021.416438
EPI_ISL_3128525	2021-05-31	2021.410959
EPI_ISL_3128524	2021-05-31	2021.410959
EPI_ISL_3128533	2021-05-31	2021.410959
NODE_0000482	2021-05-25	2021.394521
EPI_ISL_3128531	2021-05-25	2021.394521
EPI_ISL_3128532	2021-06-01	2021.413699
NODE_0000483	2021-05-07	2021.347618
EPI_ISL_3128529	2021-05-19	2021.378082
NODE_0000521	2021-05-25	2021.394521
EPI_ISL_3128530	2021-05-25	2021.394521
EPI_ISL_3128526	2021-05-31	2021.410959
NODE_0000725	2021-05-12	2021.359583
EPI_ISL_12176853	2021-06-14	2021.449315
NODE_0000522	2021-06-03	2021.419178
EPI_ISL_3128528	2021-06-03	2021.419178
NODE_0000523	2021-06-04	2021.421918
EPI_ISL_3128534	2021-06-04	2021.421918
NODE_0000526	2021-09-01	2021.666634
EPI_ISL_12176932	2022-03-01	2022.161644
NODE_0000527	2021-09-01	2021.666634
NODE_0000528	2021-09-02	2021.668781
EPI_ISL_12176839	2021-10-04	2021.756164
NODE_0000529	2021-10-05	2021.758904
EPI_ISL_12176840	2021-10-05	2021.758904
NODE_0000531	2021-10-07	2021.764384
EPI_ISL_12176841	2021-10-07	2021.764384
NODE_0000551	2021-10-11	2021.775342
EPI_ISL_12176843	2021-10-11	2021.775342
NODE_0000552	2021-10-21	2021.802740
EPI_ISL_12176846	2021-11-03	2021.838356
EPI_ISL_12176845	2021-10-21	2021.802740
NODE_0000486	2021-09-29	2021.742466
EPI_ISL_12176848	2021-11-05	2021.843836
EPI_ISL_12176838	2021-09-29	2021.742466
NODE_0000554	2021-10-18	2021.794521
EPI_ISL_12176844	2021-10-18	2021.794521
NODE_0000556	2021-11-04	2021.843237
EPI_ISL_12176851	2022-01-14	2022.035616
NODE_0000557	2021-11-05	2021.843836
EPI_ISL_12176847	2021-11-05	2021.843836
NODE_0000559	2022-01-05	2022.013100
EPI_ISL_12176855	2022-03-01	2022.161644
NODE_0000560	2022-01-06	2022.013699
EPI_ISL_12176850	2022-01-06	2022.013699
NODE_0000561	2022-01-18	2022.048717
EPI_ISL_12176931	2022-01-19	2022.049315
NODE_0000563	2022-01-19	2022.049315
EPI_ISL_12176852	2022-01-19	2022.049315
EPI_ISL_12176854	2022-02-15	2022.123288
NODE_0000564	2020-11-21	2020.890512
NODE_0000510	2020-12-28	2020.990496
NODE_0000511	2021-02-26	2021.154968
EPI_ISL_5143585	2021-03-26	2021.230137
NODE_0000567	2021-03-25	2021.228859
EPI_ISL_3102069	2021-05-13	2021.361644
NODE_0000514	2021-04-27	2021.318592
EPI_ISL_3102070	2021-05-02	2021.331507
EPI_ISL_3102073	2021-05-14	2021.364384
NODE_0000515	2021-03-23	2021.221918
EPI_ISL_3102067	2021-03-23	2021.221918
EPI_ISL_3102068	2021-04-28	2021.320548
EPI_ISL_3102075	2021-04-25	2021.312329
NODE_0000570	2021-04-16	2021.287671
EPI_ISL_3102071	2021-04-16	2021.287671
NODE_0000571	2021-05-07	2021.345205
EPI_ISL_3102072	2021-05-07	2021.345205
NODE_0000572	2021-05-13	2021.361644
EPI_ISL_3102079	2021-05-24	2021.391781
EPI_ISL_3102074	2021-05-13	2021.361644
NODE_0000520	2021-01-22	2021.057534
EPI_ISL_5142451	2021-03-18	2021.208219
EPI_ISL_5102578	2021-02-12	2021.115068
EPI_ISL_5095644	2021-01-22	2021.057534
EPI_ISL_5115617	2021-03-04	2021.169863
NODE_0000530	2021-02-24	2021.147945
EPI_ISL_5099462	2021-02-24	2021.147945
NODE_0000575	2021-03-01	2021.161644
EPI_ISL_5145613	2021-03-01	2021.161644
EPI_ISL_5102132	2021-03-01	2021.161644
NODE_0000524	2021-02-04	2021.093151
EPI_ISL_5098145	2021-02-04	2021.093151
NODE_0000525	2021-04-05	2021.259747
EPI_ISL_3102080	2021-04-27	2021.317808
NODE_0000578	2021-04-27	2021.317808
EPI_ISL_3142391	2021-04-27	2021.317808
EPI_ISL_3142375	2021-04-27	2021.317808
NODE_0000580	2021-01-26	2021.068493
EPI_ISL_5095645	2021-01-26	2021.068493
NODE_0000581	2021-01-30	2021.079452
EPI_ISL_5095650	2021-01-30	2021.079452
NODE_0000582	2021-02-16	2021.126027
EPI_ISL_5098159	2021-02-16	2021.126027
NODE_0000583	2021-02-16	2021.128169
NODE_0000584	2021-02-17	2021.128767
EPI_ISL_5099356	2021-02-17	2021.128767
EPI_ISL_5098160	2021-02-17	2021.128767
NODE_0000585	2021-02-17	2021.128767
EPI_ISL_5099628	2021-02-17	2021.128767
NODE_0000587	2021-03-06	2021.175342
EPI_ISL_5141340	2021-03-14	2021.197260
EPI_ISL_2114013	2021-03-06	2021.175342
NODE_0000588	2020-11-21	2020.890512
NODE_0000495	2020-12-20	2020.968221
EPI_ISL_1114763	2021-01-05	2021.010959
NODE_0000591	2021-01-04	2021.010360
EPI_ISL_1114762	2021-01-05	2021.010959
NODE_0000593	2021-01-05	2021.010959
EPI_ISL_1114761	2021-01-05	2021.010959
EPI_ISL_1114760	2021-01-05	2021.010959
NODE_0000595	2021-01-05	2021.011722
NODE_0000505	2021-02-10	2021.110389
EPI_ISL_5145796	2021-07-20	2021.547945
NODE_0000506	2021-02-28	2021.158904
EPI_ISL_5123584	2021-03-19	2021.210959
EPI_ISL_5099476	2021-02-28	2021.158904
NODE_0000599	2021-03-06	2021.175342
EPI_ISL_5115970	2021-03-06	2021.175342
NODE_0000601	2021-03-13	2021.194521
EPI_ISL_5137351	2021-03-13	2021.194521
NODE_0000602	2021-03-13	2021.196063
NODE_0000603	2021-03-14	2021.197260
EPI_ISL_5137952	2021-03-14	2021.197260
EPI_ISL_5136837	2021-03-14	2021.197260
NODE_0000604	2021-03-13	2021.196662
EPI_ISL_5139441	2021-03-14	2021.197260
NODE_0000607	2021-03-14	2021.197260
EPI_ISL_5134186	2021-03-14	2021.197260
NODE_0000608	2021-03-14	2021.199401
EPI_ISL_5136192	2021-03-15	2021.200000
NODE_0000610	2021-03-15	2021.200000
EPI_ISL_5135087	2021-03-15	2021.200000
NODE_0000611	2021-03-17	2021.207621
NODE_0000612	2021-03-21	2021.216438
EPI_ISL_5144149	2021-03-21	2021.216438
EPI_ISL_5143627	2021-03-23	2021.221918
NODE_0000614	2021-03-18	2021.208219
EPI_ISL_5144368	2021-03-18	2021.208219
EPI_ISL_5142455	2021-03-18	2021.208219
NODE_0000615	2021-01-05	2021.012321
EPI_ISL_1399239	2021-02-23	2021.145205
NODE_0000619	2021-01-05	2021.012920
EPI_ISL_5115955	2021-03-05	2021.172603
NODE_0000620	2021-01-05	2021.013519
EPI_ISL_5123590	2021-03-11	2021.189041
NODE_0000622	2021-01-06	2021.014380
NODE_0000455	2021-03-16	2021.202740
EPI_ISL_5123578	2021-03-18	2021.208219
EPI_ISL_5144725	2021-03-16	2021.202740
NODE_0000625	2021-01-06	2021.015241
NODE_0000493	2021-03-23	2021.221918
EPI_ISL_5143587	2021-03-24	2021.224658
EPI_ISL_5145858	2021-03-23	2021.221918
NODE_0000627	2021-01-06	2021.015840
EPI_ISL_3102082	2021-04-08	2021.265753
NODE_0000628	2021-01-07	2021.016438
EPI_ISL_2234813	2021-01-07	2021.016438
NODE_0000629	2021-02-01	2021.084932
EPI_ISL_1719913	2021-02-01	2021.084932
NODE_0000631	2021-02-04	2021.093151
EPI_ISL_1719914	2021-02-04	2021.093151
NODE_0000632	2021-02-08	2021.104110
EPI_ISL_1719915	2021-02-08	2021.104110
NODE_0000633	2021-02-21	2021.139726
EPI_ISL_5144778	2021-02-21	2021.139726
NODE_0000634	2021-02-26	2021.153425
EPI_ISL_1719909	2021-02-26	2021.153425
NODE_0000636	2021-02-26	2021.155566
EPI_ISL_5099474	2021-02-27	2021.156164
NODE_0000638	2021-02-27	2021.156164
EPI_ISL_5099468	2021-02-27	2021.156164
NODE_0000639	2021-03-03	2021.167123
EPI_ISL_5100599	2021-03-03	2021.167123
NODE_0000641	2021-03-03	2021.169264
EPI_ISL_5115620	2021-03-04	2021.169863
NODE_0000642	2021-03-04	2021.169863
EPI_ISL_5115619	2021-03-04	2021.169863
NODE_0000644	2021-03-05	2021.172603
EPI_ISL_5115956	2021-03-05	2021.172603
NODE_0000645	2021-03-07	2021.178082
EPI_ISL_5116064	2021-03-07	2021.178082
NODE_0000647	2021-03-08	2021.180822
EPI_ISL_5144632	2021-03-08	2021.180822
NODE_0000650	2021-03-09	2021.185703
EPI_ISL_5143100	2021-03-10	2021.186301
NODE_0000653	2021-03-10	2021.186301
EPI_ISL_5142489	2021-03-10	2021.186301
NODE_0000654	2021-03-11	2021.191182
EPI_ISL_5123589	2021-03-12	2021.191781
NODE_0000655	2021-03-12	2021.191781
EPI_ISL_1697194	2021-03-12	2021.191781
NODE_0000656	2021-03-13	2021.194521
EPI_ISL_5133724	2021-03-13	2021.194521
NODE_0000657	2021-03-18	2021.210360
EPI_ISL_5123579	2021-03-19	2021.210959
NODE_0000659	2021-03-19	2021.210959
EPI_ISL_1719911	2021-03-19	2021.210959
NODE_0000660	2021-03-19	2021.213100
NODE_0000661	2021-03-20	2021.213699
EPI_ISL_5144529	2021-03-20	2021.213699
EPI_ISL_5144407	2021-03-20	2021.213699
NODE_0000662	2021-03-20	2021.213699
EPI_ISL_5144341	2021-03-20	2021.213699
NODE_0000663	2021-03-21	2021.218579
NODE_0000664	2021-03-22	2021.219178
EPI_ISL_5143820	2021-03-22	2021.219178
EPI_ISL_5143626	2021-03-22	2021.219178
NODE_0000665	2021-03-23	2021.224059
NODE_0000666	2021-03-24	2021.224658
EPI_ISL_5145921	2021-03-24	2021.224658
EPI_ISL_5143584	2021-03-24	2021.224658
NODE_0000668	2021-03-24	2021.224658
EPI_ISL_5143583	2021-03-24	2021.224658
NODE_0000670	2021-03-29	2021.238356
EPI_ISL_5146171	2021-03-29	2021.238356
NODE_0000671	2021-03-31	2021.243836
EPI_ISL_5146288	2021-03-31	2021.243836
NODE_0000672	2021-04-23	2021.306849
EPI_ISL_3102056	2021-04-23	2021.306849
NODE_0000674	2021-04-26	2021.315068
EPI_ISL_3102057	2021-04-26	2021.315068
NODE_0000676	2021-05-05	2021.339726
EPI_ISL_3102059	2021-05-05	2021.339726
EPI_ISL_3102058	2021-05-05	2021.339726
NODE_0000059	2020-07-05	2020.508558
EPI_ISL_654830	2020-09-03	2020.672131
NODE_0000229	2020-09-03	2020.672131
EPI_ISL_654827	2020-09-03	2020.672131
EPI_ISL_654828	2020-09-03	2020.672131
NODE_0000239	2020-09-04	2020.675986
EPI_ISL_739692	2020-09-20	2020.718579
NODE_0000682	2020-09-20	2020.718579
EPI_ISL_739691	2020-09-20	2020.718579
EPI_ISL_739690	2020-09-20	2020.718579
NODE_0000201	2020-07-22	2020.557243
NODE_0000208	2020-10-30	2020.827869
EPI_ISL_1139035	2020-10-30	2020.827869
EPI_ISL_641377	2020-11-02	2020.836066
NODE_0000221	2020-09-26	2020.734973
EPI_ISL_1114735	2020-09-26	2020.734973
EPI_ISL_1114736	2020-09-26	2020.734973
NODE_0000223	2020-08-27	2020.653005
EPI_ISL_654834	2020-08-27	2020.653005
EPI_ISL_654835	2020-08-27	2020.653005
NODE_0000203	2020-08-13	2020.614754
EPI_ISL_644121	2020-08-13	2020.614754
EPI_ISL_644124	2020-08-13	2020.614754
EPI_ISL_644149	2020-08-13	2020.614754
NODE_0000204	2020-08-17	2020.625683
EPI_ISL_644139	2020-08-17	2020.625683
EPI_ISL_644140	2020-08-17	2020.625683
EPI_ISL_644141	2020-08-17	2020.625683
EPI_ISL_644158	2020-08-17	2020.625683
NODE_0000689	2020-09-03	2020.672131
EPI_ISL_654829	2020-09-03	2020.672131
EPI_ISL_654826	2020-09-03	2020.672131
NODE_0000850	2020-07-31	2020.579235
EPI_ISL_637098	2020-07-31	2020.579235
NODE_0000690	2020-08-05	2020.594132
NODE_0000691	2020-08-05	2020.595030
NODE_0000692	2020-08-06	2020.595628
EPI_ISL_644148	2020-08-06	2020.595628
EPI_ISL_644147	2020-08-06	2020.595628
NODE_0000693	2020-08-06	2020.595628
EPI_ISL_644161	2020-08-06	2020.595628
EPI_ISL_644160	2020-08-06	2020.595628
NODE_0000694	2020-08-05	2020.595030
NODE_0000695	2020-08-06	2020.595628
EPI_ISL_644146	2020-08-06	2020.595628
EPI_ISL_644145	2020-08-06	2020.595628
NODE_0000696	2020-08-15	2020.622764
EPI_ISL_1139021	2020-10-29	2020.825137
NODE_0000697	2020-08-16	2020.623362
EPI_ISL_5060031	2020-11-03	2020.838798
NODE_0000698	2020-08-16	2020.624223
NODE_0000699	2020-08-17	2020.625683
EPI_ISL_644159	2020-08-17	2020.625683
EPI_ISL_644144	2020-08-17	2020.625683
NODE_0000700	2020-08-16	2020.625084
NODE_0000701	2020-08-17	2020.625683
EPI_ISL_644143	2020-08-17	2020.625683
EPI_ISL_644142	2020-08-17	2020.625683
NODE_0000702	2020-08-17	2020.625683
EPI_ISL_626650	2020-08-17	2020.625683
NODE_0000703	2020-08-26	2020.650947
EPI_ISL_5061890	2020-11-18	2020.879781
NODE_0000704	2020-08-26	2020.651808
NODE_0000705	2020-08-27	2020.653005
EPI_ISL_654838	2020-08-27	2020.653005
EPI_ISL_654837	2020-08-27	2020.653005
NODE_0000706	2020-08-26	2020.652407
EPI_ISL_654839	2020-08-27	2020.653005
NODE_0000707	2020-08-27	2020.653005
EPI_ISL_654836	2020-08-27	2020.653005
NODE_0000708	2020-09-08	2020.685792
EPI_ISL_654833	2020-09-08	2020.685792
NODE_0000709	2020-10-31	2020.831874
EPI_ISL_2176841	2021-02-05	2021.095890
NODE_0000710	2020-10-31	2020.832735
NODE_0000711	2020-11-01	2020.833333
EPI_ISL_1139085	2020-11-01	2020.833333
NODE_0000712	2020-11-04	2020.841530
EPI_ISL_1139097	2020-11-04	2020.841530
NODE_0000713	2020-11-26	2020.901639
EPI_ISL_1139172	2020-11-26	2020.901639
NODE_0000714	2020-12-06	2020.928962
EPI_ISL_710539	2020-12-06	2020.928962
EPI_ISL_1665256	2021-01-08	2021.019178
NODE_0000209	2021-01-02	2021.004845
EPI_ISL_1235689	2021-02-28	2021.158904
NODE_0000210	2021-01-23	2021.062309
EPI_ISL_1093423	2021-02-16	2021.126027
EPI_ISL_1307695	2021-03-03	2021.167123
NODE_0000216	2021-03-14	2021.197260
EPI_ISL_2301187	2021-03-14	2021.197260
EPI_ISL_3314973	2021-03-14	2021.197260
NODE_0000883	2021-02-11	2021.112345
EPI_ISL_2131573	2021-04-20	2021.298630
NODE_0000886	2021-02-11	2021.112345
EPI_ISL_1390546	2021-03-15	2021.200000
NODE_0000718	2021-02-20	2021.139127
EPI_ISL_3001273	2021-05-21	2021.383562
NODE_0000719	2021-02-21	2021.139726
EPI_ISL_1307703	2021-02-21	2021.139726
NODE_0000720	2021-02-27	2021.156164
EPI_ISL_1236901	2021-02-27	2021.156164
NODE_0000721	2021-03-03	2021.167123
EPI_ISL_3298300	2021-03-03	2021.167123
NODE_0000722	2021-03-15	2021.200000
EPI_ISL_1389398	2021-03-15	2021.200000
EPI_ISL_1386128	2021-03-21	2021.216438
NODE_0000893	2020-07-26	2020.565988
EPI_ISL_739685	2020-08-29	2020.658470
NODE_0000894	2020-07-26	2020.565988
EPI_ISL_1240998	2020-08-29	2020.658470
NODE_0000723	2020-07-26	2020.565988
NODE_0000724	2020-08-12	2020.614156
NODE_0000232	2020-10-15	2020.787101
NODE_0000233	2020-11-06	2020.846995
EPI_ISL_1139047	2020-11-06	2020.846995
EPI_ISL_984694	2020-11-09	2020.855191
NODE_0000727	2020-10-27	2020.819672
EPI_ISL_984690	2020-11-06	2020.846995
EPI_ISL_653919	2020-10-27	2020.819672
NODE_0000728	2020-08-13	2020.614754
EPI_ISL_644122	2020-08-13	2020.614754
NODE_0000729	2020-08-16	2020.623625
NODE_0000730	2020-08-16	2020.625084
NODE_0000731	2020-08-17	2020.625683
EPI_ISL_644130	2020-08-17	2020.625683
EPI_ISL_644129	2020-08-17	2020.625683
NODE_0000732	2020-08-17	2020.625683
EPI_ISL_644138	2020-08-17	2020.625683
EPI_ISL_644136	2020-08-17	2020.625683
NODE_0000733	2020-08-16	2020.624486
NODE_0000734	2020-08-17	2020.625683
EPI_ISL_644152	2020-08-17	2020.625683
EPI_ISL_644151	2020-08-17	2020.625683
NODE_0000735	2020-08-16	2020.625084
EPI_ISL_644156	2020-08-17	2020.625683
NODE_0000736	2020-08-17	2020.625683
EPI_ISL_644128	2020-08-17	2020.625683
NODE_0000737	2020-09-02	2020.670335
NODE_0000195	2021-01-22	2021.058213
EPI_ISL_2574053	2021-04-06	2021.260274
NODE_0000196	2021-02-24	2021.147945
EPI_ISL_1239109	2021-02-24	2021.147945
EPI_ISL_1307716	2021-03-02	2021.164384
NODE_0000740	2020-09-02	2020.670934
EPI_ISL_1575132	2020-11-06	2020.846995
NODE_0000741	2020-09-02	2020.671533
EPI_ISL_654832	2020-09-03	2020.672131
NODE_0000742	2020-09-03	2020.672131
EPI_ISL_654831	2020-09-03	2020.672131
NODE_0000743	2020-09-23	2020.726776
EPI_ISL_614401	2020-09-23	2020.726776
NODE_0000744	2020-11-01	2020.834606
NODE_0000197	2021-01-04	2021.010118
EPI_ISL_1307720	2021-03-02	2021.164384
NODE_0000746	2021-01-24	2021.063014
EPI_ISL_7778757	2021-03-02	2021.164384
EPI_ISL_1180234	2021-01-24	2021.063014
NODE_0000200	2021-02-01	2021.084932
EPI_ISL_1665259	2021-02-01	2021.084932
NODE_0000748	2021-02-04	2021.093151
EPI_ISL_1665257	2021-02-04	2021.093151
NODE_0000749	2021-03-03	2021.169264
EPI_ISL_1399244	2021-03-04	2021.169863
NODE_0000750	2021-03-04	2021.169863
EPI_ISL_1399243	2021-03-04	2021.169863
EPI_ISL_1399242	2021-03-04	2021.169863
NODE_0000751	2020-11-01	2020.835467
NODE_0000236	2021-01-21	2021.056060
EPI_ISL_7778761	2021-03-26	2021.230137
NODE_0000237	2021-03-01	2021.161644
EPI_ISL_5102033	2021-03-01	2021.161644
EPI_ISL_5115613	2021-03-01	2021.161644
EPI_ISL_5142961	2021-03-10	2021.186301
NODE_0000754	2020-11-02	2020.836066
EPI_ISL_1139024	2020-11-02	2020.836066
NODE_0000755	2020-11-05	2020.845498
NODE_0000756	2020-11-06	2020.846995
EPI_ISL_1575136	2020-11-06	2020.846995
EPI_ISL_1575135	2020-11-06	2020.846995
NODE_0000757	2020-11-05	2020.846396
NODE_0000758	2020-11-06	2020.846995
EPI_ISL_1575130	2020-11-06	2020.846995
EPI_ISL_1575129	2020-11-06	2020.846995
NODE_0000759	2020-11-06	2020.846995
EPI_ISL_1575133	2020-11-06	2020.846995
EPI_ISL_1575131	2020-11-06	2020.846995
NODE_0000000	2020-08-25	2020.649318
EPI_ISL_2932683	2020-10-09	2020.770492
EPI_ISL_1139081	2020-11-02	2020.836066
NODE_0000056	2020-09-15	2020.704918
EPI_ISL_2932609	2020-09-15	2020.704918
EPI_ISL_2932612	2020-09-22	2020.724044
EPI_ISL_2932617	2020-09-15	2020.704918
EPI_ISL_2932682	2020-09-15	2020.704918
NODE_0000762	2020-09-21	2020.723978
EPI_ISL_1139036	2020-10-31	2020.830601
NODE_0000763	2020-09-22	2020.724346
EPI_ISL_1139049	2020-11-01	2020.833333
NODE_0000764	2020-09-22	2020.724346
EPI_ISL_632317	2020-11-01	2020.833333
NODE_0000765	2020-09-22	2020.724346
NODE_0000042	2020-10-13	2020.783034
EPI_ISL_2234814	2020-11-20	2020.885246
EPI_ISL_7596571	2020-11-13	2020.866120
EPI_ISL_710533	2020-12-02	2020.918033
EPI_ISL_1139046	2020-11-06	2020.846995
NODE_0000048	2020-11-10	2020.857923
EPI_ISL_1139104	2020-11-11	2020.860656
EPI_ISL_1139113	2020-11-10	2020.857923
NODE_0000956	2020-11-04	2020.843664
EPI_ISL_2172523	2021-01-18	2021.046575
NODE_0000768	2020-11-05	2020.844262
EPI_ISL_1139076	2020-11-05	2020.844262
NODE_0000769	2020-11-06	2020.846995
EPI_ISL_1139078	2020-11-06	2020.846995
NODE_0000770	2020-11-06	2020.849128
EPI_ISL_661313	2020-11-07	2020.849727
NODE_0000771	2020-11-07	2020.849727
EPI_ISL_1139034	2020-11-07	2020.849727
NODE_0000772	2020-11-08	2020.852459
EPI_ISL_1139100	2020-11-08	2020.852459
NODE_0000773	2020-11-09	2020.855191
EPI_ISL_1139048	2020-11-09	2020.855191
NODE_0000774	2020-11-09	2020.857325
NODE_0000775	2020-11-10	2020.857923
EPI_ISL_1139094	2020-11-10	2020.857923
EPI_ISL_1139088	2020-11-10	2020.857923
NODE_0000776	2020-11-10	2020.857923
EPI_ISL_1139044	2020-11-10	2020.857923
NODE_0000777	2020-11-24	2020.896175
EPI_ISL_1139168	2020-11-24	2020.896175
NODE_0000778	2021-01-05	2021.010959
EPI_ISL_2172517	2021-01-05	2021.010959
NODE_0000779	2021-01-11	2021.027397
EPI_ISL_7590312	2021-01-11	2021.027397
NODE_0000780	2021-01-19	2021.049315
EPI_ISL_2172525	2021-01-19	2021.049315
NODE_0000781	2021-01-25	2021.065753
EPI_ISL_2172532	2021-01-25	2021.065753
EPI_ISL_1224949	2021-02-04	2021.093151
NODE_0000782	2020-09-30	2020.746333
NODE_0000041	2020-11-02	2020.836066
EPI_ISL_775253	2020-12-15	2020.953552
EPI_ISL_1139082	2020-11-02	2020.836066
NODE_0000784	2020-10-01	2020.748885
EPI_ISL_1139051	2020-11-03	2020.838798
NODE_0000785	2020-10-02	2020.751798
EPI_ISL_1139031	2020-11-04	2020.841530
NODE_0000786	2020-10-03	2020.754865
EPI_ISL_1139112	2020-11-05	2020.844262
NODE_0000787	2020-10-04	2020.757262
EPI_ISL_5062078	2020-11-06	2020.846995
NODE_0000788	2020-10-05	2020.759995
EPI_ISL_984692	2020-11-07	2020.849727
NODE_0000789	2020-10-11	2020.776736
EPI_ISL_1224942	2021-02-01	2021.084932
NODE_0000790	2020-10-11	2020.776736
EPI_ISL_667810	2020-11-10	2020.857923
NODE_0000791	2020-10-14	2020.785720
EPI_ISL_1123353	2020-12-27	2020.986339
NODE_0000792	2020-10-14	2020.785720
EPI_ISL_1139160	2020-11-14	2020.868852
NODE_0000793	2020-10-14	2020.786037
EPI_ISL_1139163	2020-11-16	2020.874317
NODE_0000794	2020-10-20	2020.801287
EPI_ISL_996003	2021-01-05	2021.010959
NODE_0000795	2020-10-20	2020.801287
NODE_0000013	2020-11-17	2020.877888
EPI_ISL_1123351	2020-12-18	2020.961749
NODE_0000797	2020-12-03	2020.920765
EPI_ISL_766052	2020-12-03	2020.920765
EPI_ISL_1123352	2020-12-25	2020.980874
NODE_0000798	2020-10-23	2020.810238
NODE_0000025	2021-02-28	2021.158904
EPI_ISL_7585764	2021-02-28	2021.158904
EPI_ISL_7623299	2021-03-01	2021.161644
EPI_ISL_7623303	2021-03-01	2021.161644
NODE_0000800	2020-10-23	2020.811100
NODE_0000058	2021-01-19	2021.049315
EPI_ISL_5096104	2021-01-20	2021.052055
EPI_ISL_5096105	2021-01-19	2021.049315
NODE_0000802	2020-10-24	2020.811961
NODE_0000018	2020-12-07	2020.933234
EPI_ISL_5095556	2021-01-12	2021.030137
EPI_ISL_5097280	2021-01-17	2021.043836
NODE_0000804	2020-10-24	2020.812560
EPI_ISL_1139173	2020-11-30	2020.912568
NODE_0000805	2020-10-24	2020.813159
EPI_ISL_693515	2020-12-04	2020.923497
NODE_0000806	2020-10-24	2020.814020
NODE_0000003	2021-02-05	2021.095890
EPI_ISL_4061482	2021-02-05	2021.095890
NODE_0000808	2021-02-25	2021.150685
EPI_ISL_4061490	2021-02-25	2021.150685
EPI_ISL_4061483	2021-03-01	2021.161644
NODE_0000809	2020-10-25	2020.814881
NODE_0000029	2020-12-14	2020.950820
EPI_ISL_5098147	2020-12-14	2020.950820
NODE_0000811	2020-12-17	2020.959016
EPI_ISL_5095336	2020-12-17	2020.959016
NODE_0000812	2020-12-21	2020.969945
EPI_ISL_2176321	2021-02-14	2021.120548
EPI_ISL_5098135	2020-12-21	2020.969945
NODE_0000813	2020-10-25	2020.815480
EPI_ISL_1048238	2020-12-17	2020.959016
NODE_0000814	2020-10-25	2020.816341
NODE_0000815	2020-10-26	2020.816940
EPI_ISL_5057856	2020-10-26	2020.816940
EPI_ISL_1139105	2020-10-26	2020.816940
NODE_0000816	2020-10-27	2020.821806
NODE_0000817	2020-10-28	2020.822404
EPI_ISL_8650948	2020-10-28	2020.822404
EPI_ISL_603132	2020-10-28	2020.822404
NODE_0000818	2020-10-28	2020.822404
EPI_ISL_1139017	2020-10-28	2020.822404
NODE_0000819	2020-10-28	2020.823939
NODE_0000820	2020-10-29	2020.825137
EPI_ISL_1139079	2020-10-29	2020.825137
EPI_ISL_1139022	2020-10-29	2020.825137
NODE_0000821	2020-10-28	2020.824538
EPI_ISL_1139080	2020-10-29	2020.825137
NODE_0000822	2020-10-29	2020.825137
EPI_ISL_1139020	2020-10-29	2020.825137
NODE_0000823	2020-10-29	2020.827270
EPI_ISL_5057875	2020-10-30	2020.827869
NODE_0000824	2020-10-30	2020.827869
EPI_ISL_5057874	2020-10-30	2020.827869
NODE_0000825	2020-10-31	2020.830601
EPI_ISL_1139037	2020-10-31	2020.830601
NODE_0000826	2020-10-31	2020.831837
NODE_0000827	2020-11-01	2020.833333
EPI_ISL_632318	2020-11-01	2020.833333
EPI_ISL_5057963	2020-11-01	2020.833333
NODE_0000828	2020-10-31	2020.832735
NODE_0000829	2020-11-01	2020.833333
EPI_ISL_1139103	2020-11-01	2020.833333
EPI_ISL_1139050	2020-11-01	2020.833333
NODE_0000830	2020-11-01	2020.834569
NODE_0000831	2020-11-01	2020.835467
NODE_0000832	2020-11-02	2020.836066
EPI_ISL_1139038	2020-11-02	2020.836066
EPI_ISL_1139026	2020-11-02	2020.836066
NODE_0000833	2020-11-02	2020.836066
EPI_ISL_5058855	2020-11-02	2020.836066
EPI_ISL_1139083	2020-11-02	2020.836066
NODE_0000834	2020-11-01	2020.835467
NODE_0000835	2020-11-02	2020.836066
EPI_ISL_1139025	2020-11-02	2020.836066
EPI_ISL_1139023	2020-11-02	2020.836066
NODE_0000836	2020-11-02	2020.836066
EPI_ISL_5058090	2020-11-02	2020.836066
NODE_0000837	2020-11-02	2020.837301
NODE_0000838	2020-11-02	2020.838199
NODE_0000839	2020-11-03	2020.838798
EPI_ISL_1139041	2020-11-03	2020.838798
EPI_ISL_1139028	2020-11-03	2020.838798
NODE_0000840	2020-11-03	2020.838798
EPI_ISL_5061390	2020-11-03	2020.838798
EPI_ISL_1139042	2020-11-03	2020.838798
NODE_0000841	2020-11-02	2020.838199
EPI_ISL_710506	2020-11-03	2020.838798
NODE_0000842	2020-11-03	2020.838798
EPI_ISL_1139027	2020-11-03	2020.838798
NODE_0000843	2020-11-04	2020.841530
EPI_ISL_623075	2020-11-04	2020.841530
NODE_0000844	2020-11-05	2020.844262
EPI_ISL_984686	2020-11-05	2020.844262
NODE_0000845	2020-11-05	2020.846396
NODE_0000846	2020-11-06	2020.846995
EPI_ISL_1139045	2020-11-06	2020.846995
EPI_ISL_1139033	2020-11-06	2020.846995
NODE_0000847	2020-11-08	2020.852459
EPI_ISL_1139092	2020-11-08	2020.852459
NODE_0000848	2020-11-08	2020.854593
NODE_0000849	2021-01-13	2021.032998
EPI_ISL_2172608	2021-03-09	2021.183562
NODE_0000009	2021-04-09	2021.268493
EPI_ISL_7589566	2021-04-09	2021.268493
EPI_ISL_7591058	2021-04-20	2021.298630
NODE_0000851	2020-11-09	2020.855191
EPI_ISL_632319	2020-11-09	2020.855191
NODE_0000852	2020-11-09	2020.856464
NODE_0000853	2020-11-10	2020.857923
EPI_ISL_710509	2020-11-10	2020.857923
EPI_ISL_1139098	2020-11-10	2020.857923
NODE_0000854	2020-11-09	2020.857325
NODE_0000855	2020-11-10	2020.857923
EPI_ISL_1139093	2020-11-10	2020.857923
EPI_ISL_1139087	2020-11-10	2020.857923
NODE_0000856	2020-11-10	2020.857923
EPI_ISL_1139043	2020-11-10	2020.857923
NODE_0000857	2020-11-13	2020.866120
EPI_ISL_641518	2020-11-13	2020.866120
NODE_0000858	2020-11-14	2020.870986
EPI_ISL_984688	2020-11-15	2020.871585
NODE_0000859	2020-11-15	2020.871585
EPI_ISL_1139161	2020-11-15	2020.871585
NODE_0000860	2020-11-19	2020.882514
EPI_ISL_710512	2020-11-19	2020.882514
NODE_0000861	2020-11-20	2020.887380
EPI_ISL_710511	2020-11-21	2020.887978
NODE_0000862	2020-11-21	2020.887978
EPI_ISL_653921	2020-11-21	2020.887978
NODE_0000863	2020-11-23	2020.895576
NODE_0000864	2020-11-24	2020.896175
EPI_ISL_7597827	2020-11-24	2020.896175
EPI_ISL_1139167	2020-11-24	2020.896175
NODE_0000865	2020-11-24	2020.896175
EPI_ISL_1139166	2020-11-24	2020.896175
NODE_0000866	2020-11-25	2020.898907
EPI_ISL_1139170	2020-11-25	2020.898907
NODE_0000867	2020-12-01	2020.915301
EPI_ISL_1123360	2020-12-01	2020.915301
NODE_0000868	2020-12-03	2020.920765
EPI_ISL_7598788	2020-12-03	2020.920765
NODE_0000869	2020-12-03	2020.922899
EPI_ISL_766054	2020-12-04	2020.923497
NODE_0000870	2020-12-04	2020.923497
EPI_ISL_766053	2020-12-04	2020.923497
NODE_0000871	2020-12-07	2020.933828
EPI_ISL_2081528	2020-12-08	2020.934426
NODE_0000872	2020-12-08	2020.934426
EPI_ISL_2081527	2020-12-08	2020.934426
NODE_0000873	2020-12-10	2020.939891
EPI_ISL_5095323	2020-12-10	2020.939891
NODE_0000874	2020-12-11	2020.942623
EPI_ISL_775248	2020-12-11	2020.942623
NODE_0000875	2020-12-14	2020.950820
EPI_ISL_766056	2020-12-14	2020.950820
NODE_0000876	2020-12-17	2020.959016
EPI_ISL_775266	2020-12-17	2020.959016
NODE_0000877	2020-12-31	2020.997268
EPI_ISL_995172	2020-12-31	2020.997268
NODE_0000878	2021-01-08	2021.019178
EPI_ISL_2172518	2021-01-08	2021.019178
NODE_0000879	2021-03-24	2021.226799
NODE_0000880	2021-03-25	2021.227397
EPI_ISL_3128152	2021-03-25	2021.227397
NODE_0000881	2021-03-29	2021.238356
EPI_ISL_3127850	2021-03-29	2021.238356
NODE_0000882	2021-04-06	2021.260274
EPI_ISL_7778779	2021-07-01	2021.495890
EPI_ISL_3128522	2021-04-06	2021.260274
NODE_0000034	2021-05-15	2021.369074
NODE_0000884	2021-06-14	2021.449315
EPI_ISL_7778776	2021-06-14	2021.449315
NODE_0000885	2021-06-21	2021.468493
EPI_ISL_7778778	2021-06-23	2021.473973
EPI_ISL_7778777	2021-06-21	2021.468493
NODE_0000036	2021-06-04	2021.423788
EPI_ISL_3026699	2021-06-17	2021.457534
NODE_0000887	2021-06-16	2021.456936
EPI_ISL_3098710	2021-06-17	2021.457534
NODE_0000888	2021-06-17	2021.457534
EPI_ISL_3026043	2021-06-17	2021.457534
NODE_0000889	2021-07-16	2021.537665
EPI_ISL_4805852	2021-08-18	2021.627397
NODE_0000890	2021-07-18	2021.544008
EPI_ISL_3950066	2021-08-26	2021.649315
NODE_0000891	2021-07-18	2021.544607
EPI_ISL_3950049	2021-08-26	2021.649315
NODE_0000892	2021-07-19	2021.545205
EPI_ISL_3319859	2021-07-19	2021.545205
EPI_ISL_3319316	2021-07-19	2021.545205
NODE_0000245	2020-07-25	2020.564330
NODE_0000246	2020-08-31	2020.664742
EPI_ISL_739686	2020-09-18	2020.713115
EPI_ISL_739687	2020-09-18	2020.713115
NODE_0000251	2020-09-01	2020.666667
EPI_ISL_2932600	2020-09-01	2020.666667
EPI_ISL_2932608	2020-09-01	2020.666667
NODE_0000279	2020-08-28	2020.656404
NODE_0000281	2020-09-15	2020.704918
EPI_ISL_626649	2020-09-18	2020.713115
EPI_ISL_654824	2020-09-15	2020.704918
NODE_0000899	2020-09-15	2020.704918
EPI_ISL_654821	2020-09-15	2020.704918
NODE_0000282	2021-08-29	2021.658995
EPI_ISL_7624142	2021-09-09	2021.687671
EPI_ISL_4396748	2021-08-30	2021.660274
EPI_ISL_5049590	2021-09-03	2021.671233
EPI_ISL_9250718	2021-08-31	2021.663014
NODE_0000252	2020-08-21	2020.637396
EPI_ISL_615068	2020-09-20	2020.718579
NODE_0000902	2020-10-11	2020.776135
NODE_0000903	2020-12-02	2020.919166
EPI_ISL_1399237	2021-02-19	2021.134247
NODE_0000255	2021-02-06	2021.098630
EPI_ISL_5098154	2021-02-06	2021.098630
EPI_ISL_5099368	2021-02-19	2021.134247
NODE_0000256	2020-11-12	2020.865867
EPI_ISL_1665251	2020-11-28	2020.907104
NODE_0000257	2020-11-29	2020.909836
EPI_ISL_956411	2020-11-29	2020.909836
NODE_0000907	2021-01-15	2021.039035
EPI_ISL_1665247	2021-02-17	2021.128767
NODE_0000908	2021-01-28	2021.073973
EPI_ISL_2234810	2021-01-28	2021.073973
NODE_0000909	2021-02-22	2021.144607
EPI_ISL_1665252	2021-02-23	2021.145205
NODE_0000910	2021-02-23	2021.145205
EPI_ISL_1665248	2021-02-23	2021.145205
EPI_ISL_1665255	2021-02-23	2021.145205
NODE_0000348	2020-09-03	2020.672153
NODE_0000350	2020-10-21	2020.805588
EPI_ISL_1938307	2020-11-10	2020.857923
EPI_ISL_3102065	2021-05-03	2021.334247
NODE_0001118	2020-10-08	2020.768191
EPI_ISL_1760453	2020-11-10	2020.857923
NODE_0000913	2020-11-08	2020.854593
EPI_ISL_7778753	2021-09-19	2021.715068
NODE_0000914	2020-11-09	2020.855191
EPI_ISL_2685846	2020-11-09	2020.855191
NODE_0000915	2020-11-09	2020.857325
EPI_ISL_2713372	2020-11-16	2020.874317
NODE_0000916	2020-11-10	2020.857923
EPI_ISL_1938478	2020-11-10	2020.857923
EPI_ISL_1822593	2020-11-10	2020.857923
NODE_0000354	2020-09-18	2020.714654
EPI_ISL_1822597	2020-11-10	2020.857923
NODE_0000355	2020-10-01	2020.750470
EPI_ISL_1829205	2020-11-02	2020.836066
NODE_0000356	2020-10-11	2020.776079
EPI_ISL_1937889	2020-11-10	2020.857923
NODE_0000359	2020-11-10	2020.857923
EPI_ISL_1760452	2020-11-10	2020.857923
EPI_ISL_1760454	2020-11-10	2020.857923
NODE_0000921	2020-11-06	2020.846995
EPI_ISL_1834185	2020-11-06	2020.846995
NODE_0000922	2020-11-09	2020.855191
EPI_ISL_1760446	2020-11-09	2020.855191
NODE_0000923	2020-11-09	2020.857325
EPI_ISL_1938309	2020-11-10	2020.857923
NODE_0000924	2020-11-10	2020.857923
EPI_ISL_2713314	2020-11-16	2020.874317
EPI_ISL_1760447	2020-11-10	2020.857923
NODE_0000362	2020-10-18	2020.796207
EPI_ISL_2685900	2020-11-16	2020.874317
NODE_0000374	2020-11-16	2020.874317
EPI_ISL_2555532	2020-11-16	2020.874317
EPI_ISL_2713170	2020-11-16	2020.874317
NODE_0000368	2020-10-31	2020.832429
NODE_0001141	2020-11-08	2020.852459
EPI_ISL_14836026	2020-11-14	2020.868852
EPI_ISL_14823646	2020-11-08	2020.852459
NODE_0000370	2020-11-10	2020.857923
EPI_ISL_1822596	2020-11-10	2020.857923
NODE_0000929	2020-11-12	2020.863388
EPI_ISL_14835968	2020-11-12	2020.863388
NODE_0000930	2020-11-16	2020.874317
EPI_ISL_14836371	2020-11-17	2020.877049
EPI_ISL_14836088	2020-11-16	2020.874317
NODE_0000375	2020-11-08	2020.854618
EPI_ISL_14836024	2020-11-14	2020.868852
EPI_ISL_5260462	2020-11-10	2020.857923
EPI_ISL_5260463	2020-11-10	2020.857923
NODE_0000377	2020-11-16	2020.874317
EPI_ISL_14836078	2020-11-16	2020.874317
EPI_ISL_14822356	2021-03-11	2021.189041
EPI_ISL_14836081	2020-11-16	2020.874317
EPI_ISL_14836082	2020-11-16	2020.874317
NODE_0000363	2020-10-28	2020.824483
EPI_ISL_14836080	2020-11-16	2020.874317
EPI_ISL_14823813	2020-11-09	2020.855191
EPI_ISL_7458702	2021-03-01	2021.161644
NODE_0001150	2020-11-05	2020.844262
EPI_ISL_14823426	2020-11-05	2020.844262
NODE_0000934	2020-11-10	2020.857923
EPI_ISL_1937890	2020-11-10	2020.857923
NODE_0000935	2020-11-13	2020.868254
EPI_ISL_14836077	2020-11-14	2020.868852
NODE_0000936	2020-11-14	2020.868852
EPI_ISL_14836027	2020-11-14	2020.868852
NODE_0000937	2020-11-16	2020.874317
EPI_ISL_14836086	2020-11-16	2020.874317
NODE_0000938	2020-11-17	2020.877049
EPI_ISL_14836369	2020-11-17	2020.877049
EPI_ISL_14836104	2020-11-17	2020.877049
NODE_0000939	2020-11-03	2020.840931
NODE_0000940	2020-11-04	2020.841530
EPI_ISL_2685842	2020-11-04	2020.841530
EPI_ISL_2555534	2020-11-04	2020.841530
NODE_0000941	2020-11-08	2020.852459
EPI_ISL_14823672	2020-11-08	2020.852459
NODE_0000942	2020-11-09	2020.855191
EPI_ISL_1937883	2020-11-09	2020.855191
NODE_0000943	2020-11-09	2020.857325
NODE_0000944	2020-11-10	2020.857923
EPI_ISL_1937892	2020-11-10	2020.857923
EPI_ISL_1937884	2020-11-10	2020.857923
NODE_0000945	2020-11-10	2020.860057
NODE_0000946	2020-11-11	2020.860656
EPI_ISL_14835965	2020-11-11	2020.860656
EPI_ISL_14835963	2020-11-11	2020.860656
NODE_0000947	2020-11-11	2020.860656
EPI_ISL_14835960	2020-11-11	2020.860656
NODE_0000948	2020-11-12	2020.863388
EPI_ISL_2556113	2020-11-12	2020.863388
NODE_0000949	2020-11-15	2020.872857
NODE_0000950	2020-11-15	2020.873718
EPI_ISL_2685947	2020-11-16	2020.874317
NODE_0000951	2020-11-16	2020.874317
EPI_ISL_14836101	2020-11-16	2020.874317
NODE_0000952	2020-11-18	2020.879781
EPI_ISL_14836376	2020-11-18	2020.879781
EPI_ISL_14836374	2020-11-18	2020.879781
NODE_0000953	2020-11-15	2020.873718
NODE_0000954	2020-11-16	2020.874317
EPI_ISL_2555538	2020-11-16	2020.874317
EPI_ISL_2555536	2020-11-16	2020.874317
NODE_0000955	2020-11-16	2020.874317
EPI_ISL_2685848	2020-11-16	2020.874317
EPI_ISL_2555541	2020-11-16	2020.874317
NODE_0000284	2020-08-22	2020.641911
EPI_ISL_2932614	2020-09-21	2020.721311
EPI_ISL_1240718	2021-01-13	2021.032877
NODE_0000957	2020-09-26	2020.736863
NODE_0000289	2020-10-29	2020.826595
NODE_0000294	2020-11-14	2020.870231
EPI_ISL_1139169	2020-11-25	2020.898907
EPI_ISL_5099463	2021-02-26	2021.153425
NODE_0000960	2021-01-26	2021.069172
EPI_ISL_1307709	2021-02-28	2021.158904
NODE_0000961	2021-02-02	2021.090342
NODE_0000290	2021-03-08	2021.180822
EPI_ISL_5116326	2021-03-08	2021.180822
EPI_ISL_5143300	2021-03-10	2021.186301
NODE_0000963	2021-03-24	2021.224658
EPI_ISL_3290184	2021-03-24	2021.224658
NODE_0000295	2021-07-24	2021.560587
EPI_ISL_4804850	2021-08-15	2021.619178
EPI_ISL_4805936	2021-08-19	2021.630137
NODE_0000965	2020-10-30	2020.829290
EPI_ISL_5115616	2021-03-04	2021.169863
NODE_0000966	2020-10-30	2020.830152
NODE_0000297	2020-12-09	2020.939228
EPI_ISL_2234811	2021-01-07	2021.016438
NODE_0000298	2020-12-26	2020.985020
EPI_ISL_1095363	2021-02-03	2021.090411
EPI_ISL_3102024	2021-01-19	2021.049315
NODE_0000303	2021-01-22	2021.057739
EPI_ISL_3138567	2021-03-25	2021.227397
EPI_ISL_5142894	2021-03-10	2021.186301
NODE_0001195	2021-01-03	2021.006837
EPI_ISL_3315298	2021-03-10	2021.186301
NODE_0000970	2021-01-31	2021.082871
EPI_ISL_5115967	2021-03-05	2021.172603
NODE_0000971	2021-02-04	2021.093830
EPI_ISL_5143554	2021-03-09	2021.183562
NODE_0000972	2021-02-22	2021.142466
EPI_ISL_13175606	2021-03-15	2021.200000
EPI_ISL_1239110	2021-02-22	2021.142466
NODE_0000973	2020-10-31	2020.830751
EPI_ISL_7778770	2021-01-01	2021.000000
NODE_0000974	2020-10-31	2020.831350
EPI_ISL_826457	2021-01-02	2021.002740
NODE_0000975	2020-10-31	2020.831948
EPI_ISL_2175628	2021-01-04	2021.008219
NODE_0000976	2020-10-31	2020.832547
EPI_ISL_2177398	2021-04-07	2021.263014
NODE_0000977	2020-10-31	2020.833146
EPI_ISL_5098138	2021-01-11	2021.027397
NODE_0000978	2020-11-01	2020.834007
NODE_0000326	2021-01-22	2021.057534
EPI_ISL_1095365	2021-02-07	2021.101370
EPI_ISL_1095451	2021-01-22	2021.057534
NODE_0000980	2020-11-01	2020.834868
NODE_0000320	2021-01-30	2021.079615
EPI_ISL_1399245	2021-03-06	2021.175342
EPI_ISL_1719912	2021-03-19	2021.210959
NODE_0000982	2020-11-01	2020.835467
EPI_ISL_1095450	2021-02-01	2021.084932
NODE_0000983	2020-11-02	2020.836066
EPI_ISL_1139106	2020-11-02	2020.836066
NODE_0000984	2020-11-14	2020.870986
NODE_0000985	2021-01-02	2021.003419
EPI_ISL_1420637	2021-02-04	2021.093151
NODE_0000986	2021-01-11	2021.028076
EPI_ISL_1093422	2021-02-13	2021.117808
NODE_0000987	2021-01-17	2021.044290
EPI_ISL_1305780	2021-02-19	2021.134247
NODE_0000988	2021-01-18	2021.047515
EPI_ISL_1240677	2021-02-20	2021.136986
NODE_0000989	2021-01-18	2021.049309
EPI_ISL_1719910	2021-02-26	2021.153425
NODE_0000990	2021-01-18	2021.049309
EPI_ISL_5134658	2021-03-15	2021.200000
NODE_0000286	2021-03-13	2021.194521
EPI_ISL_1303550	2021-03-13	2021.194521
EPI_ISL_1305775	2021-03-14	2021.197260
EPI_ISL_2254497	2021-03-16	2021.202740
NODE_0000992	2020-11-15	2020.871585
EPI_ISL_718223	2020-11-15	2020.871585
NODE_0000993	2020-11-20	2020.885246
EPI_ISL_653920	2020-11-20	2020.885246
NODE_0000994	2020-11-22	2020.890710
EPI_ISL_1139164	2020-11-22	2020.890710
NODE_0000995	2020-11-23	2020.895576
EPI_ISL_1139109	2020-11-24	2020.896175
NODE_0000996	2020-11-24	2020.896175
EPI_ISL_1139108	2020-11-24	2020.896175
NODE_0000997	2020-12-03	2020.920765
EPI_ISL_846601	2020-12-03	2020.920765
NODE_0000998	2020-12-09	2020.937158
EPI_ISL_826285	2020-12-09	2020.937158
NODE_0000999	2020-12-15	2020.953552
EPI_ISL_826296	2020-12-15	2020.953552
NODE_0001000	2020-12-16	2020.956284
EPI_ISL_846623	2020-12-16	2020.956284
NODE_0001001	2020-12-21	2020.969945
EPI_ISL_826283	2020-12-21	2020.969945
NODE_0001002	2020-12-31	2020.999401
NODE_0001003	2021-04-13	2021.279695
EPI_ISL_7778767	2021-08-01	2021.580822
EPI_ISL_7778764	2021-07-01	2021.495890
NODE_0001004	2021-01-01	2021.000000
EPI_ISL_7778769	2021-01-01	2021.000000
NODE_0001005	2021-01-06	2021.013699
EPI_ISL_3102029	2021-01-06	2021.013699
NODE_0001006	2021-01-10	2021.024658
EPI_ISL_832205	2021-01-10	2021.024658
NODE_0001007	2021-01-12	2021.030137
EPI_ISL_5095554	2021-01-12	2021.030137
NODE_0001008	2021-01-13	2021.032877
EPI_ISL_832206	2021-01-13	2021.032877
NODE_0001009	2021-01-31	2021.084333
EPI_ISL_7778771	2021-02-01	2021.084932
NODE_0001010	2021-02-01	2021.084932
EPI_ISL_3102208	2021-02-01	2021.084932
NODE_0001011	2021-02-11	2021.112329
EPI_ISL_1095454	2021-02-11	2021.112329
NODE_0001012	2021-02-16	2021.126027
EPI_ISL_1093425	2021-02-16	2021.126027
NODE_0001013	2021-02-18	2021.131507
EPI_ISL_7778762	2021-02-18	2021.131507
NODE_0001014	2021-02-21	2021.139726
EPI_ISL_1240717	2021-02-21	2021.139726
NODE_0001015	2021-02-23	2021.145205
EPI_ISL_1238902	2021-02-23	2021.145205
NODE_0001016	2021-02-24	2021.147945
EPI_ISL_13175667	2021-02-24	2021.147945
NODE_0001017	2021-03-02	2021.164384
EPI_ISL_7778758	2021-03-02	2021.164384
NODE_0001018	2021-03-03	2021.169264
NODE_0001019	2021-03-04	2021.169863
EPI_ISL_7778760	2021-03-04	2021.169863
EPI_ISL_7778759	2021-03-04	2021.169863
NODE_0001020	2021-03-08	2021.180822
EPI_ISL_1296295	2021-03-08	2021.180822
NODE_0001021	2021-03-13	2021.194521
EPI_ISL_1303776	2021-03-13	2021.194521
NODE_0001022	2021-03-14	2021.197260
EPI_ISL_1386249	2021-03-16	2021.202740
EPI_ISL_1305776	2021-03-14	2021.197260
NODE_0001284	2020-08-08	2020.601525
NODE_0000277	2020-09-10	2020.691257
EPI_ISL_13175608	2021-02-23	2021.145205
EPI_ISL_661178	2020-09-10	2020.691257
NODE_0001023	2020-10-11	2020.776388
NODE_0000274	2020-11-13	2020.866120
EPI_ISL_647969	2020-11-13	2020.866120
NODE_0001025	2020-12-20	2020.967213
EPI_ISL_5066996	2020-12-20	2020.967213
NODE_0001026	2020-12-20	2020.969347
NODE_0001027	2020-12-21	2020.969945
EPI_ISL_5066981	2020-12-21	2020.969945
EPI_ISL_5064270	2020-12-21	2020.969945
NODE_0001028	2020-12-23	2020.975410
EPI_ISL_5064509	2020-12-23	2020.975410
NODE_0001029	2020-12-25	2020.980874
EPI_ISL_5064707	2020-12-25	2020.980874
NODE_0001030	2020-12-25	2020.983008
NODE_0001031	2020-12-26	2020.983607
EPI_ISL_5064971	2020-12-26	2020.983607
EPI_ISL_5064922	2020-12-26	2020.983607
NODE_0001032	2020-12-26	2020.983607
EPI_ISL_5064825	2020-12-26	2020.983607
NODE_0001033	2020-12-29	2020.991803
EPI_ISL_5066982	2020-12-29	2020.991803
NODE_0001034	2020-12-31	2020.997268
EPI_ISL_5065068	2020-12-31	2020.997268
NODE_0001035	2021-01-01	2021.002141
EPI_ISL_5065276	2021-01-02	2021.002740
NODE_0001036	2021-01-02	2021.002740
EPI_ISL_5065144	2021-01-02	2021.002740
NODE_0001037	2021-01-03	2021.007621
NODE_0001038	2021-01-04	2021.008219
EPI_ISL_5067957	2021-01-04	2021.008219
EPI_ISL_5067335	2021-01-04	2021.008219
NODE_0001039	2021-01-04	2021.008219
EPI_ISL_5067044	2021-01-04	2021.008219
NODE_0001040	2021-01-05	2021.013100
EPI_ISL_5095320	2021-01-06	2021.013699
NODE_0001041	2021-01-06	2021.013699
EPI_ISL_5095319	2021-01-06	2021.013699
NODE_0001042	2021-01-08	2021.019178
EPI_ISL_5095321	2021-01-08	2021.019178
NODE_0001043	2021-01-11	2021.027397
EPI_ISL_5095322	2021-01-11	2021.027397
NODE_0001044	2021-01-11	2021.029538
EPI_ISL_5096629	2021-01-12	2021.030137
NODE_0001045	2021-01-12	2021.030137
EPI_ISL_5095555	2021-01-12	2021.030137
NODE_0001046	2021-01-14	2021.035616
EPI_ISL_5098133	2021-01-14	2021.035616
NODE_0001047	2021-01-14	2021.037758
EPI_ISL_5098132	2021-01-15	2021.038356
NODE_0001048	2021-01-15	2021.038356
EPI_ISL_5098130	2021-01-15	2021.038356
NODE_0001049	2021-01-20	2021.052055
EPI_ISL_5098143	2021-01-22	2021.057534
EPI_ISL_5096107	2021-01-20	2021.052055
NODE_0001050	2020-10-12	2020.779817
NODE_0000273	2020-11-14	2020.868852
EPI_ISL_1399236	2021-03-10	2021.186301
EPI_ISL_683593	2020-11-14	2020.868852
NODE_0001052	2020-11-04	2020.841962
EPI_ISL_846604	2020-12-07	2020.931694
NODE_0001053	2020-11-08	2020.854368
NODE_0000264	2021-02-04	2021.093151
EPI_ISL_1057106	2021-02-04	2021.093151
EPI_ISL_1058019	2021-02-04	2021.093151
NODE_0001055	2020-11-09	2020.855229
NODE_0000271	2021-01-29	2021.076987
EPI_ISL_2113167	2021-02-22	2021.142466
EPI_ISL_2172531	2021-02-21	2021.139726
NODE_0001057	2020-11-09	2020.856127
NODE_0000329	2020-12-30	2020.995224
NODE_0000339	2021-01-20	2021.052865
EPI_ISL_1033028	2021-02-02	2021.087671
NODE_0001060	2021-04-05	2021.259675
NODE_0001061	2021-04-06	2021.260274
EPI_ISL_1697186	2021-04-06	2021.260274
EPI_ISL_1697185	2021-04-06	2021.260274
NODE_0001062	2021-04-06	2021.260274
EPI_ISL_1941580	2021-04-06	2021.260274
EPI_ISL_1941579	2021-04-06	2021.260274
NODE_0001063	2021-03-16	2021.203059
EPI_ISL_1941542	2021-04-18	2021.293151
NODE_0001064	2021-03-16	2021.203419
EPI_ISL_1941365	2021-04-18	2021.293151
NODE_0001065	2021-03-28	2021.237758
NODE_0001066	2021-03-29	2021.238356
EPI_ISL_2194543	2021-03-29	2021.238356
EPI_ISL_1697181	2021-03-29	2021.238356
NODE_0001067	2021-04-17	2021.291691
NODE_0001068	2021-04-18	2021.293151
EPI_ISL_1941578	2021-04-18	2021.293151
EPI_ISL_1941480	2021-04-18	2021.293151
NODE_0001069	2021-04-17	2021.292552
NODE_0001070	2021-04-18	2021.293151
EPI_ISL_1941375	2021-04-18	2021.293151
EPI_ISL_1941351	2021-04-18	2021.293151
NODE_0001071	2021-04-18	2021.293151
EPI_ISL_1941444	2021-04-18	2021.293151
EPI_ISL_1941417	2021-04-18	2021.293151
NODE_0000330	2021-01-27	2021.073718
EPI_ISL_5115615	2021-02-28	2021.158904
NODE_0001336	2021-02-21	2021.140405
EPI_ISL_12437700	2021-03-26	2021.230137
NODE_0001337	2021-02-28	2021.160262
EPI_ISL_2681044	2021-05-05	2021.339726
NODE_0001073	2021-03-17	2021.207621
NODE_0001074	2021-03-18	2021.208219
EPI_ISL_1697199	2021-03-18	2021.208219
EPI_ISL_1697198	2021-03-18	2021.208219
NODE_0001075	2021-03-18	2021.208219
EPI_ISL_12436968	2021-03-18	2021.208219
NODE_0001076	2021-03-18	2021.210360
NODE_0001077	2021-03-19	2021.210959
EPI_ISL_1697196	2021-03-19	2021.210959
EPI_ISL_1697195	2021-03-19	2021.210959
NODE_0001078	2021-03-19	2021.210959
EPI_ISL_12437699	2021-03-19	2021.210959
NODE_0001079	2021-03-23	2021.224059
EPI_ISL_1697191	2021-04-01	2021.246575
NODE_0001080	2021-03-24	2021.224658
EPI_ISL_1697193	2021-03-24	2021.224658
EPI_ISL_1697192	2021-03-24	2021.224658
NODE_0001081	2020-11-09	2020.856726
EPI_ISL_1033029	2021-02-03	2021.090411
NODE_0001082	2020-11-09	2020.857325
EPI_ISL_5099367	2021-02-07	2021.101370
NODE_0001083	2020-11-10	2020.857923
EPI_ISL_668456	2020-11-10	2020.857923
NODE_0001084	2020-11-13	2020.868254
EPI_ISL_683594	2020-11-14	2020.868852
NODE_0001085	2020-11-14	2020.868852
EPI_ISL_654958	2020-11-14	2020.868852
NODE_0001086	2020-11-17	2020.877049
EPI_ISL_666890	2020-11-17	2020.877049
NODE_0001087	2021-01-09	2021.022599
EPI_ISL_5116065	2021-03-02	2021.164384
NODE_0001088	2021-01-09	2021.023460
NODE_0000343	2021-03-05	2021.172603
EPI_ISL_3102060	2021-03-05	2021.172603
NODE_0000346	2021-04-03	2021.252055
EPI_ISL_1697187	2021-04-03	2021.252055
EPI_ISL_1697200	2021-04-03	2021.252055
NODE_0001091	2021-03-24	2021.226799
NODE_0000344	2021-05-01	2021.328767
EPI_ISL_3102063	2021-05-05	2021.339726
EPI_ISL_3102064	2021-05-01	2021.328767
NODE_0001093	2021-03-25	2021.227397
EPI_ISL_1697182	2021-03-25	2021.227397
NODE_0001094	2021-03-31	2021.245977
EPI_ISL_1697189	2021-04-01	2021.246575
NODE_0001095	2021-04-01	2021.246575
EPI_ISL_1697188	2021-04-01	2021.246575
NODE_0001096	2021-04-07	2021.263014
EPI_ISL_3102076	2021-04-07	2021.263014
NODE_0001097	2021-04-08	2021.265753
EPI_ISL_1941582	2021-04-08	2021.265753
NODE_0001098	2021-04-09	2021.268493
EPI_ISL_3102061	2021-04-09	2021.268493
NODE_0001099	2021-05-11	2021.356164
EPI_ISL_3102062	2021-05-11	2021.356164
EPI_ISL_2402938	2021-05-17	2021.372603
NODE_0001100	2021-01-09	2021.024059
EPI_ISL_5143586	2021-03-24	2021.224658
NODE_0001101	2021-01-10	2021.024658
EPI_ISL_2172522	2021-01-10	2021.024658
NODE_0001102	2021-01-19	2021.049315
EPI_ISL_956368	2021-01-19	2021.049315
NODE_0001103	2021-01-22	2021.057534
EPI_ISL_980839	2021-01-22	2021.057534
NODE_0001104	2021-02-03	2021.090411
EPI_ISL_1033030	2021-02-03	2021.090411
NODE_0001105	2021-02-04	2021.093151
EPI_ISL_1033124	2021-02-04	2021.093151
NODE_0001106	2021-02-10	2021.109589
EPI_ISL_1058020	2021-02-10	2021.109589
NODE_0001107	2021-02-11	2021.114470
EPI_ISL_1058022	2021-02-12	2021.115068
NODE_0001108	2021-02-12	2021.115068
EPI_ISL_1058021	2021-02-12	2021.115068
NODE_0001109	2021-02-22	2021.142466
EPI_ISL_1399238	2021-02-22	2021.142466
NODE_0001110	2021-02-25	2021.150685
EPI_ISL_1399232	2021-02-25	2021.150685
NODE_0001111	2021-02-26	2021.155566
EPI_ISL_1399234	2021-02-27	2021.156164
NODE_0001112	2021-02-27	2021.156164
EPI_ISL_1399233	2021-02-27	2021.156164
NODE_0001113	2021-03-02	2021.164384
EPI_ISL_5102136	2021-03-02	2021.164384
NODE_0001114	2021-03-03	2021.167123
EPI_ISL_2113493	2021-03-03	2021.167123
NODE_0001115	2021-03-06	2021.175342
EPI_ISL_1399241	2021-03-06	2021.175342
NODE_0001116	2021-03-13	2021.194521
EPI_ISL_1941581	2021-03-13	2021.194521
NODE_0001117	2021-03-25	2021.227397
EPI_ISL_1697197	2021-03-25	2021.227397
EPI_ISL_1697184	2021-04-06	2021.260274
NODE_0000060	2020-08-13	2020.614754
EPI_ISL_644123	2020-08-13	2020.614754
EPI_ISL_1139014	2020-10-27	2020.819672
NODE_0000074	2020-09-04	2020.675956
EPI_ISL_3102077	2021-04-07	2021.263014
NODE_0000075	2020-10-02	2020.753067
EPI_ISL_1114745	2020-10-17	2020.792350
EPI_ISL_1114738	2020-10-17	2020.792350
NODE_0001121	2020-10-16	2020.791153
NODE_0001122	2020-10-17	2020.792350
EPI_ISL_1114741	2020-10-17	2020.792350
EPI_ISL_1114740	2020-10-17	2020.792350
NODE_0001123	2020-10-16	2020.791751
EPI_ISL_1114742	2020-10-17	2020.792350
NODE_0001124	2020-10-17	2020.792350
EPI_ISL_1114737	2020-10-17	2020.792350
NODE_0001125	2020-12-12	2020.947242
EPI_ISL_5143995	2021-03-21	2021.216438
NODE_0001126	2021-01-11	2021.028548
EPI_ISL_1697183	2021-04-06	2021.260274
NODE_0001127	2021-01-11	2021.028548
EPI_ISL_5098146	2021-02-08	2021.104110
NODE_0001128	2021-01-12	2021.030817
NODE_0000076	2021-02-14	2021.120548
EPI_ISL_1080579	2021-02-14	2021.120548
EPI_ISL_1080480	2021-02-14	2021.120548
NODE_0001130	2021-03-02	2021.164384
EPI_ISL_1399240	2021-03-02	2021.164384
EPI_ISL_1399235	2021-03-06	2021.175342
NODE_0001131	2021-01-13	2021.034442
EPI_ISL_2111625	2021-02-15	2021.123288
NODE_0001132	2021-01-19	2021.049994
EPI_ISL_2172526	2021-02-21	2021.139726
NODE_0001133	2021-02-25	2021.152227
EPI_ISL_1697190	2021-04-02	2021.249315
NODE_0001134	2021-02-25	2021.152826
EPI_ISL_7623789	2021-07-12	2021.526027
NODE_0001135	2021-02-26	2021.153425
EPI_ISL_5115614	2021-02-26	2021.153425
NODE_0001136	2021-03-03	2021.169264
NODE_0001137	2021-03-04	2021.169863
EPI_ISL_5115968	2021-03-04	2021.169863
EPI_ISL_5115618	2021-03-04	2021.169863
NODE_0001138	2021-03-10	2021.186301
EPI_ISL_5143417	2021-03-10	2021.186301
NODE_0001139	2021-05-16	2021.369863
EPI_ISL_2402937	2021-05-31	2021.410959
EPI_ISL_2402936	2021-05-16	2021.369863
NODE_0001140	2020-08-23	2020.643944
NODE_0000064	2020-10-02	2020.753959
EPI_ISL_668457	2020-11-12	2020.863388
EPI_ISL_710508	2020-10-30	2020.827869
EPI_ISL_984695	2020-11-15	2020.871585
NODE_0001142	2020-08-23	2020.643944
EPI_ISL_14770172	2020-11-13	2020.866120
NODE_0001143	2020-08-23	2020.643944
NODE_0000091	2020-09-16	2020.708922
EPI_ISL_5260453	2021-01-14	2021.035616
EPI_ISL_1822599	2020-11-10	2020.857923
NODE_0000121	2020-11-05	2020.844262
EPI_ISL_14823549	2020-11-05	2020.844262
EPI_ISL_5260448	2021-03-19	2021.210959
NODE_0000135	2020-10-03	2020.755351
EPI_ISL_1822595	2020-11-10	2020.857923
NODE_0000136	2020-10-17	2020.792350
EPI_ISL_1822598	2020-11-10	2020.857923
EPI_ISL_625672	2020-10-17	2020.792350
NODE_0001148	2020-11-09	2020.857325
EPI_ISL_1939617	2020-11-11	2020.860656
NODE_0001149	2020-11-10	2020.857923
EPI_ISL_1822592	2020-11-10	2020.857923
EPI_ISL_1760450	2020-11-10	2020.857923
NODE_0000138	2020-11-25	2020.898907
EPI_ISL_1009711	2021-01-06	2021.013699
EPI_ISL_1009698	2020-11-25	2020.898907
NODE_0000144	2021-05-28	2021.404811
EPI_ISL_5260467	2021-06-05	2021.424658
EPI_ISL_5260468	2021-06-15	2021.452055
NODE_0001152	2021-01-03	2021.006158
NODE_0000140	2021-02-05	2021.095890
EPI_ISL_1273409	2021-02-05	2021.095890
EPI_ISL_978894	2021-02-05	2021.095890
EPI_ISL_978895	2021-02-05	2021.095890
EPI_ISL_978896	2021-02-05	2021.095890
EPI_ISL_978897	2021-02-05	2021.095890
NODE_0001154	2021-01-04	2021.008898
NODE_0000143	2021-02-06	2021.098630
EPI_ISL_985222	2021-02-06	2021.098630
EPI_ISL_985223	2021-02-06	2021.098630
NODE_0001156	2021-01-31	2021.084333
EPI_ISL_978916	2021-02-01	2021.084932
NODE_0001157	2021-02-01	2021.084932
EPI_ISL_978915	2021-02-01	2021.084932
NODE_0001158	2021-02-05	2021.098032
EPI_ISL_1081353	2021-02-14	2021.120548
NODE_0001159	2021-02-06	2021.098630
EPI_ISL_985221	2021-02-06	2021.098630
EPI_ISL_985220	2021-02-06	2021.098630
NODE_0000092	2020-11-05	2020.846431
EPI_ISL_7381026	2021-03-01	2021.161644
NODE_0000096	2020-12-13	2020.950711
EPI_ISL_7349517	2021-01-01	2021.000000
EPI_ISL_7379464	2021-01-01	2021.000000
NODE_0001427	2020-11-29	2020.910268
EPI_ISL_7379509	2021-01-01	2021.000000
NODE_0001162	2021-03-01	2021.161644
EPI_ISL_7380813	2021-03-01	2021.161644
NODE_0000098	2021-04-04	2021.255435
EPI_ISL_7381438	2021-08-01	2021.580822
EPI_ISL_7381695	2021-08-01	2021.580822
NODE_0000099	2020-12-02	2020.919071
EPI_ISL_7381103	2021-03-01	2021.161644
EPI_ISL_7379465	2021-01-01	2021.000000
NODE_0000102	2020-12-13	2020.949178
EPI_ISL_7379463	2021-01-01	2021.000000
EPI_ISL_7381115	2021-06-01	2021.413699
NODE_0000105	2020-12-30	2020.995896
EPI_ISL_7380623	2021-03-01	2021.161644
EPI_ISL_7381183	2021-04-01	2021.246575
NODE_0001167	2020-12-30	2020.995199
NODE_0000107	2021-02-01	2021.084932
EPI_ISL_7381423	2021-07-01	2021.495890
EPI_ISL_7380500	2021-02-01	2021.084932
NODE_0001169	2021-02-24	2021.149303
EPI_ISL_7381397	2021-05-01	2021.328767
EPI_ISL_7381065	2021-03-01	2021.161644
NODE_0001436	2020-10-08	2020.768191
EPI_ISL_1760451	2020-11-10	2020.857923
NODE_0001437	2020-10-11	2020.775956
EPI_ISL_2815336	2020-10-11	2020.775956
NODE_0001170	2020-10-17	2020.792350
EPI_ISL_625671	2020-10-17	2020.792350
NODE_0001171	2020-11-08	2020.854159
EPI_ISL_1009707	2020-12-14	2020.950820
NODE_0001172	2020-11-08	2020.854758
EPI_ISL_977595	2020-12-31	2020.997268
NODE_0001173	2020-11-09	2020.855356
EPI_ISL_1009689	2021-01-03	2021.005479
NODE_0001174	2020-11-09	2020.856464
NODE_0001175	2020-11-09	2020.857325
NODE_0001176	2020-11-10	2020.857923
EPI_ISL_1822594	2020-11-10	2020.857923
EPI_ISL_14824122	2020-11-10	2020.857923
NODE_0001177	2020-11-10	2020.857923
EPI_ISL_1939080	2020-11-10	2020.857923
EPI_ISL_1937891	2020-11-10	2020.857923
NODE_0001178	2020-11-09	2020.857325
NODE_0001179	2020-11-10	2020.857923
EPI_ISL_14824095	2020-11-10	2020.857923
EPI_ISL_14824091	2020-11-10	2020.857923
NODE_0001180	2020-11-10	2020.857923
EPI_ISL_14824026	2020-11-10	2020.857923
NODE_0001181	2020-11-11	2020.860656
EPI_ISL_2685847	2020-11-11	2020.860656
NODE_0001182	2020-11-12	2020.863388
EPI_ISL_2555542	2020-11-12	2020.863388
NODE_0001183	2020-11-14	2020.868852
EPI_ISL_14836025	2020-11-14	2020.868852
NODE_0001184	2020-12-20	2020.968585
NODE_0000115	2021-01-22	2021.058318
EPI_ISL_1041135	2021-02-08	2021.104110
NODE_0001186	2021-02-07	2021.103511
EPI_ISL_1041134	2021-02-08	2021.104110
NODE_0001187	2021-02-08	2021.104110
EPI_ISL_1041133	2021-02-08	2021.104110
EPI_ISL_1041132	2021-02-08	2021.104110
NODE_0001188	2021-01-25	2021.067819
EPI_ISL_5260446	2021-05-11	2021.356164
NODE_0001189	2021-01-25	2021.067819
NODE_0001190	2021-01-31	2021.084333
NODE_0001191	2021-02-01	2021.084932
EPI_ISL_5260422	2021-02-01	2021.084932
EPI_ISL_5260421	2021-02-01	2021.084932
NODE_0001192	2021-02-01	2021.084932
EPI_ISL_5260420	2021-02-01	2021.084932
NODE_0001193	2021-03-02	2021.164384
EPI_ISL_5260419	2021-03-02	2021.164384
NODE_0001194	2021-03-11	2021.189041
EPI_ISL_5260426	2021-05-10	2021.353425
EPI_ISL_14819900	2021-03-11	2021.189041
NODE_0000123	2021-02-26	2021.155221
NODE_0000127	2021-03-30	2021.243545
EPI_ISL_8215662	2021-05-17	2021.372603
NODE_0000128	2021-04-21	2021.303816
EPI_ISL_8215658	2021-05-15	2021.367123
NODE_0001198	2021-05-15	2021.367123
EPI_ISL_8215661	2021-05-15	2021.367123
NODE_0001199	2021-05-16	2021.372004
EPI_ISL_8215687	2021-05-17	2021.372603
NODE_0001200	2021-05-17	2021.372603
EPI_ISL_8215686	2021-05-17	2021.372603
EPI_ISL_8215685	2021-05-17	2021.372603
NODE_0001201	2021-03-21	2021.217496
NODE_0001202	2021-04-14	2021.282871
EPI_ISL_5260417	2021-05-16	2021.369863
NODE_0000124	2021-05-17	2021.372603
EPI_ISL_8215663	2021-05-17	2021.372603
EPI_ISL_8215684	2021-05-17	2021.372603
NODE_0000130	2021-04-23	2021.307229
EPI_ISL_8215660	2021-05-15	2021.367123
NODE_0000132	2021-05-15	2021.367123
EPI_ISL_8215653	2021-05-15	2021.367123
EPI_ISL_8215654	2021-05-15	2021.367123
NODE_0001206	2021-05-14	2021.365926
NODE_0001207	2021-05-15	2021.367123
EPI_ISL_8215657	2021-05-15	2021.367123
EPI_ISL_8215656	2021-05-15	2021.367123
NODE_0001208	2021-05-14	2021.366525
EPI_ISL_8215659	2021-05-15	2021.367123
NODE_0001209	2021-05-15	2021.367123
EPI_ISL_8215655	2021-05-15	2021.367123
NODE_0001210	2021-05-18	2021.375342
EPI_ISL_14822756	2021-05-19	2021.378082
EPI_ISL_14822549	2021-05-18	2021.375342
NODE_0001211	2020-09-04	2020.676720
NODE_0001212	2020-10-18	2020.796487
NODE_0000090	2021-02-10	2021.110026
EPI_ISL_5100056	2021-02-28	2021.158904
EPI_ISL_5144920	2021-02-20	2021.136986
NODE_0001214	2020-10-18	2020.796487
EPI_ISL_1665272	2020-11-17	2020.877049
NODE_0001215	2020-10-25	2020.815742
NODE_0000066	2021-01-11	2021.028198
NODE_0000067	2021-01-29	2021.076712
EPI_ISL_1114755	2021-01-29	2021.076712
EPI_ISL_1114756	2021-01-29	2021.076712
NODE_0001218	2021-01-28	2021.076114
EPI_ISL_1114759	2021-01-29	2021.076712
NODE_0001219	2021-01-29	2021.076712
EPI_ISL_1114758	2021-01-29	2021.076712
EPI_ISL_1114757	2021-01-29	2021.076712
NODE_0001220	2020-10-25	2020.816341
EPI_ISL_5260452	2021-01-20	2021.052055
NODE_0001221	2020-10-26	2020.816940
EPI_ISL_1139015	2020-10-26	2020.816940
NODE_0001222	2020-11-12	2020.863388
EPI_ISL_2555543	2020-11-12	2020.863388
NODE_0001223	2020-11-13	2020.866120
EPI_ISL_14835976	2020-11-13	2020.866120
NODE_0001224	2020-11-16	2020.874317
EPI_ISL_14836098	2020-11-16	2020.874317
NODE_0001225	2020-12-29	2020.991803
EPI_ISL_977582	2020-12-29	2020.991803
NODE_0001226	2021-03-11	2021.189041
EPI_ISL_3102078	2021-04-22	2021.304110
EPI_ISL_14822357	2021-03-11	2021.189041
NODE_0000146	2020-10-07	2020.766452
EPI_ISL_1009709	2020-12-16	2020.956284
EPI_ISL_1009686	2020-12-31	2020.997268
NODE_0000176	2020-11-24	2020.898737
EPI_ISL_985194	2020-12-14	2020.950820
NODE_0001229	2021-01-01	2021.000000
EPI_ISL_5260466	2021-02-22	2021.142466
EPI_ISL_1009688	2021-01-01	2021.000000
NODE_0000161	2020-10-30	2020.827869
EPI_ISL_14823424	2020-10-30	2020.827869
NODE_0001231	2020-11-04	2020.841530
EPI_ISL_14823425	2020-11-04	2020.841530
NODE_0001232	2020-11-11	2020.860656
EPI_ISL_14835974	2020-11-13	2020.866120
EPI_ISL_14835964	2020-11-11	2020.860656
NODE_0000178	2020-12-01	2020.915478
EPI_ISL_14770165	2020-12-31	2020.997268
NODE_0001234	2020-12-30	2020.996669
EPI_ISL_14770164	2020-12-31	2020.997268
NODE_0001235	2020-12-31	2020.997268
EPI_ISL_14770163	2020-12-31	2020.997268
EPI_ISL_14770162	2020-12-31	2020.997268
NODE_0000149	2020-10-25	2020.816766
EPI_ISL_1575134	2020-11-06	2020.846995
NODE_0000150	2021-01-30	2021.079452
EPI_ISL_978902	2021-01-30	2021.079452
EPI_ISL_978903	2021-01-30	2021.079452
EPI_ISL_978904	2021-01-30	2021.079452
EPI_ISL_978905	2021-01-30	2021.079452
NODE_0001238	2021-02-05	2021.098032
NODE_0001239	2021-02-06	2021.098630
EPI_ISL_985229	2021-02-06	2021.098630
EPI_ISL_985228	2021-02-06	2021.098630
NODE_0001240	2021-02-06	2021.098630
EPI_ISL_985231	2021-02-06	2021.098630
EPI_ISL_985230	2021-02-06	2021.098630
NODE_0001509	2020-10-27	2020.820225
EPI_ISL_1009690	2021-01-04	2021.008219
NODE_0001510	2020-10-27	2020.820225
NODE_0001511	2020-11-05	2020.846471
EPI_ISL_985187	2020-12-10	2020.939891
NODE_0001512	2020-11-06	2020.847069
EPI_ISL_985191	2020-12-12	2020.945355
NODE_0001241	2020-11-06	2020.847668
EPI_ISL_977599	2020-12-21	2020.969945
NODE_0001242	2020-11-06	2020.848267
EPI_ISL_985206	2020-12-25	2020.980874
NODE_0001243	2020-11-06	2020.848866
EPI_ISL_985207	2020-12-25	2020.980874
NODE_0001244	2020-11-06	2020.849465
EPI_ISL_985211	2020-12-28	2020.989071
NODE_0001245	2020-11-07	2020.850064
EPI_ISL_5260447	2021-04-22	2021.304110
NODE_0001246	2020-11-07	2020.850663
EPI_ISL_1009687	2020-12-31	2020.997268
NODE_0001247	2020-11-07	2020.851261
EPI_ISL_1009691	2021-01-04	2021.008219
NODE_0001248	2020-11-07	2020.851860
EPI_ISL_5260450	2021-03-09	2021.183562
NODE_0001249	2020-11-08	2020.852459
EPI_ISL_14823811	2020-11-08	2020.852459
NODE_0001250	2020-11-16	2020.876451
EPI_ISL_1098830	2021-01-19	2021.049315
NODE_0001251	2020-11-17	2020.877049
EPI_ISL_1009710	2020-11-17	2020.877049
NODE_0001252	2020-12-06	2020.931170
EPI_ISL_5260460	2021-01-23	2021.060274
NODE_0001253	2020-12-07	2020.931769
EPI_ISL_5260464	2021-01-23	2021.060274
NODE_0001254	2020-12-07	2020.932368
EPI_ISL_5260418	2021-01-25	2021.065753
NODE_0001255	2020-12-07	2020.932967
EPI_ISL_5260465	2021-01-26	2021.068493
NODE_0001256	2020-12-07	2020.933828
NODE_0001257	2021-01-31	2021.082397
EPI_ISL_5260444	2021-03-09	2021.183562
NODE_0001258	2021-01-31	2021.082397
EPI_ISL_5260449	2021-03-24	2021.224658
EPI_ISL_5260451	2021-04-13	2021.279452
NODE_0001259	2020-12-08	2020.934426
EPI_ISL_985184	2020-12-08	2020.934426
NODE_0001260	2020-12-15	2020.953552
EPI_ISL_1009708	2020-12-15	2020.953552
NODE_0001261	2020-12-16	2020.956284
EPI_ISL_985196	2020-12-16	2020.956284
NODE_0001262	2020-12-20	2020.967213
EPI_ISL_985197	2020-12-20	2020.967213
NODE_0001263	2020-12-22	2020.972678
EPI_ISL_985199	2020-12-22	2020.972678
NODE_0001264	2020-12-24	2020.978142
EPI_ISL_985205	2020-12-24	2020.978142
NODE_0001265	2020-12-28	2020.989071
EPI_ISL_1009680	2020-12-28	2020.989071
NODE_0001266	2020-12-28	2020.991205
EPI_ISL_1009683	2020-12-29	2020.991803
NODE_0001267	2020-12-29	2020.991803
EPI_ISL_1009682	2020-12-29	2020.991803
NODE_0001268	2020-12-30	2020.994536
EPI_ISL_1009685	2020-12-30	2020.994536
NODE_0001269	2021-01-01	2021.000000
EPI_ISL_14775517	2021-01-01	2021.000000
NODE_0001270	2021-01-05	2021.010959
EPI_ISL_1009692	2021-01-05	2021.010959
NODE_0001271	2021-01-08	2021.019178
EPI_ISL_1009693	2021-01-08	2021.019178
NODE_0001272	2021-01-09	2021.021918
EPI_ISL_1009694	2021-01-09	2021.021918
NODE_0001273	2021-01-16	2021.041096
EPI_ISL_1114725	2021-01-16	2021.041096
NODE_0001274	2021-01-22	2021.059675
NODE_0001275	2021-01-23	2021.060274
EPI_ISL_5260470	2021-01-23	2021.060274
EPI_ISL_5260459	2021-01-23	2021.060274
NODE_0001276	2021-01-23	2021.060274
EPI_ISL_5260458	2021-01-23	2021.060274
NODE_0001277	2021-01-26	2021.068493
EPI_ISL_5260469	2021-01-26	2021.068493
NODE_0001278	2021-02-21	2021.141006
NODE_0001279	2021-02-22	2021.142466
EPI_ISL_5260461	2021-02-22	2021.142466
EPI_ISL_5260456	2021-02-22	2021.142466
NODE_0001280	2021-02-21	2021.141867
NODE_0001281	2021-02-22	2021.142466
EPI_ISL_5260455	2021-02-22	2021.142466
EPI_ISL_5260454	2021-02-22	2021.142466
NODE_0001282	2021-02-22	2021.142466
EPI_ISL_5260416	2021-02-22	2021.142466
NODE_0001283	2021-04-21	2021.303511
NODE_0000154	2021-10-17	2021.793071
EPI_ISL_6829497	2021-11-19	2021.882192
EPI_ISL_6829536	2021-11-14	2021.868493
NODE_0001285	2021-04-22	2021.304110
EPI_ISL_5260445	2021-04-27	2021.317808
EPI_ISL_5260435	2021-04-22	2021.304110
NODE_0000182	2020-12-29	2020.992693
EPI_ISL_1041146	2021-01-23	2021.060274
EPI_ISL_1041143	2021-01-23	2021.060274
EPI_ISL_978912	2021-01-20	2021.052055
NODE_0000187	2021-02-10	2021.109589
EPI_ISL_1041130	2021-02-10	2021.109589
EPI_ISL_1041131	2021-02-10	2021.109589
NODE_0000185	2021-02-07	2021.101370
EPI_ISL_985224	2021-02-07	2021.101370
EPI_ISL_985225	2021-02-07	2021.101370
EPI_ISL_985226	2021-02-07	2021.101370
EPI_ISL_985227	2021-02-07	2021.101370
NODE_0000188	2021-01-23	2021.060274
EPI_ISL_1041120	2021-01-23	2021.060274
EPI_ISL_1041121	2021-01-23	2021.060274
EPI_ISL_1041165	2021-01-23	2021.060274
EPI_ISL_1041166	2021-01-23	2021.060274
EPI_ISL_1041168	2021-01-23	2021.060274
EPI_ISL_1041169	2021-01-23	2021.060274
EPI_ISL_1041171	2021-01-23	2021.060274
NODE_0001562	2021-01-19	2021.051456
NODE_0001563	2021-01-20	2021.052055
EPI_ISL_978911	2021-01-20	2021.052055
EPI_ISL_978910	2021-01-20	2021.052055
NODE_0001564	2021-01-20	2021.052055
EPI_ISL_978913	2021-01-20	2021.052055
NODE_0001290	2021-01-21	2021.056547
NODE_0001291	2021-01-22	2021.058814
NODE_0001292	2021-01-22	2021.059675
NODE_0001293	2021-01-23	2021.060274
EPI_ISL_1041151	2021-01-23	2021.060274
EPI_ISL_1041150	2021-01-23	2021.060274
NODE_0001294	2021-01-23	2021.060274
EPI_ISL_1041153	2021-01-23	2021.060274
EPI_ISL_1041152	2021-01-23	2021.060274
NODE_0001295	2021-01-22	2021.059675
NODE_0001296	2021-01-23	2021.060274
EPI_ISL_1041155	2021-01-23	2021.060274
EPI_ISL_1041154	2021-01-23	2021.060274
NODE_0001297	2021-01-23	2021.060274
EPI_ISL_1041170	2021-01-23	2021.060274
EPI_ISL_1041167	2021-01-23	2021.060274
NODE_0001298	2021-01-22	2021.057654
NODE_0001299	2021-01-22	2021.058814
NODE_0001300	2021-01-22	2021.059675
NODE_0001301	2021-01-23	2021.060274
EPI_ISL_1041141	2021-01-23	2021.060274
EPI_ISL_1041140	2021-01-23	2021.060274
NODE_0001302	2021-01-23	2021.060274
EPI_ISL_1041144	2021-01-23	2021.060274
EPI_ISL_1041142	2021-01-23	2021.060274
NODE_0001303	2021-01-22	2021.059675
NODE_0001304	2021-01-23	2021.060274
EPI_ISL_1041147	2021-01-23	2021.060274
EPI_ISL_1041145	2021-01-23	2021.060274
NODE_0001305	2021-01-23	2021.060274
EPI_ISL_1041149	2021-01-23	2021.060274
EPI_ISL_1041148	2021-01-23	2021.060274
NODE_0001306	2021-01-22	2021.058814
NODE_0001307	2021-01-22	2021.059675
NODE_0001308	2021-01-23	2021.060274
EPI_ISL_1041137	2021-01-23	2021.060274
EPI_ISL_1041136	2021-01-23	2021.060274
NODE_0001309	2021-01-23	2021.060274
EPI_ISL_1041139	2021-01-23	2021.060274
EPI_ISL_1041138	2021-01-23	2021.060274
NODE_0001310	2021-01-22	2021.059675
EPI_ISL_978914	2021-01-23	2021.060274
NODE_0001311	2021-01-23	2021.060274
EPI_ISL_1041108	2021-01-23	2021.060274
NODE_0001312	2021-02-02	2021.088951
NODE_0001313	2021-02-03	2021.090411
EPI_ISL_978893	2021-02-03	2021.090411
EPI_ISL_978892	2021-02-03	2021.090411
NODE_0001314	2021-02-02	2021.089812
NODE_0001315	2021-02-03	2021.090411
EPI_ISL_978891	2021-02-03	2021.090411
EPI_ISL_978890	2021-02-03	2021.090411
NODE_0001316	2021-02-09	2021.108129
NODE_0001317	2021-02-09	2021.108990
NODE_0001318	2021-02-10	2021.109589
EPI_ISL_1041126	2021-02-10	2021.109589
EPI_ISL_1041125	2021-02-10	2021.109589
NODE_0001319	2021-02-10	2021.109589
EPI_ISL_1041128	2021-02-10	2021.109589
EPI_ISL_1041127	2021-02-10	2021.109589
NODE_0001320	2021-02-09	2021.108990
EPI_ISL_1041129	2021-02-10	2021.109589
NODE_0001321	2021-02-10	2021.109589
EPI_ISL_1041124	2021-02-10	2021.109589
NODE_0001322	2021-02-13	2021.119949
NODE_0001323	2021-02-14	2021.120548
EPI_ISL_1041159	2021-02-14	2021.120548
EPI_ISL_1041158	2021-02-14	2021.120548
NODE_0001324	2021-02-14	2021.120548
EPI_ISL_1041161	2021-02-14	2021.120548
EPI_ISL_1041160	2021-02-14	2021.120548
